step,track,model,dataset,Accuracy,F1,Memory in Mb,Time in s
5696,Anomaly detection,GaussianScorer,creditcard,1.0,1.0,4.57763671875e-05,0.792302
11392,Anomaly detection,GaussianScorer,creditcard,1.0,1.0,4.57763671875e-05,2.3484249999999998
17088,Anomaly detection,GaussianScorer,creditcard,1.0,1.0,4.57763671875e-05,4.723048
22784,Anomaly detection,GaussianScorer,creditcard,1.0,1.0,4.57763671875e-05,7.816426
28480,Anomaly detection,GaussianScorer,creditcard,1.0,1.0,4.57763671875e-05,11.567098999999999
34176,Anomaly detection,GaussianScorer,creditcard,1.0,1.0,4.57763671875e-05,15.952511999999999
39872,Anomaly detection,GaussianScorer,creditcard,1.0,1.0,4.57763671875e-05,20.979591
45568,Anomaly detection,GaussianScorer,creditcard,1.0,1.0,4.57763671875e-05,26.608054
51264,Anomaly detection,GaussianScorer,creditcard,1.0,1.0,4.57763671875e-05,32.859015
56960,Anomaly detection,GaussianScorer,creditcard,1.0,1.0,4.57763671875e-05,39.730989
62656,Anomaly detection,GaussianScorer,creditcard,1.0,1.0,4.57763671875e-05,47.245424
68352,Anomaly detection,GaussianScorer,creditcard,1.0,1.0,4.57763671875e-05,55.400311
74048,Anomaly detection,GaussianScorer,creditcard,1.0,1.0,4.57763671875e-05,64.216712
79744,Anomaly detection,GaussianScorer,creditcard,1.0,1.0,4.57763671875e-05,73.68839
85440,Anomaly detection,GaussianScorer,creditcard,1.0,1.0,4.57763671875e-05,83.804645
91136,Anomaly detection,GaussianScorer,creditcard,1.0,1.0,4.57763671875e-05,94.630344
96832,Anomaly detection,GaussianScorer,creditcard,1.0,1.0,4.57763671875e-05,106.09394499999999
102528,Anomaly detection,GaussianScorer,creditcard,1.0,1.0,4.57763671875e-05,118.21333499999999
108224,Anomaly detection,GaussianScorer,creditcard,1.0,1.0,4.57763671875e-05,130.976833
113920,Anomaly detection,GaussianScorer,creditcard,1.0,1.0,4.57763671875e-05,144.394569
119616,Anomaly detection,GaussianScorer,creditcard,1.0,1.0,4.57763671875e-05,158.430093
125312,Anomaly detection,GaussianScorer,creditcard,1.0,1.0,4.57763671875e-05,173.114333
131008,Anomaly detection,GaussianScorer,creditcard,1.0,1.0,4.57763671875e-05,188.43897299999998
136704,Anomaly detection,GaussianScorer,creditcard,1.0,1.0,4.57763671875e-05,204.43449699999996
142400,Anomaly detection,GaussianScorer,creditcard,1.0,1.0,4.57763671875e-05,221.06624399999995
148096,Anomaly detection,GaussianScorer,creditcard,1.0,1.0,4.57763671875e-05,238.30912399999994
153792,Anomaly detection,GaussianScorer,creditcard,1.0,1.0,4.57763671875e-05,256.21143299999994
159488,Anomaly detection,GaussianScorer,creditcard,1.0,1.0,4.57763671875e-05,274.7569869999999
165184,Anomaly detection,GaussianScorer,creditcard,1.0,1.0,4.57763671875e-05,293.9377989999999
170880,Anomaly detection,GaussianScorer,creditcard,1.0,1.0,4.57763671875e-05,313.74923899999993
176576,Anomaly detection,GaussianScorer,creditcard,1.0,1.0,4.57763671875e-05,334.23577399999994
182272,Anomaly detection,GaussianScorer,creditcard,1.0,1.0,4.57763671875e-05,355.3716319999999
187968,Anomaly detection,GaussianScorer,creditcard,1.0,1.0,4.57763671875e-05,377.1920579999999
193664,Anomaly detection,GaussianScorer,creditcard,1.0,1.0,4.57763671875e-05,399.6604449999999
199360,Anomaly detection,GaussianScorer,creditcard,1.0,1.0,4.57763671875e-05,422.8329819999999
205056,Anomaly detection,GaussianScorer,creditcard,1.0,1.0,4.57763671875e-05,446.6456049999999
210752,Anomaly detection,GaussianScorer,creditcard,1.0,1.0,4.57763671875e-05,471.11553099999986
216448,Anomaly detection,GaussianScorer,creditcard,1.0,1.0,4.57763671875e-05,496.30328399999985
222144,Anomaly detection,GaussianScorer,creditcard,1.0,1.0,4.57763671875e-05,522.1719379999998
227840,Anomaly detection,GaussianScorer,creditcard,1.0,1.0,4.57763671875e-05,548.6985909999999
233536,Anomaly detection,GaussianScorer,creditcard,1.0,1.0,4.57763671875e-05,575.9141019999998
239232,Anomaly detection,GaussianScorer,creditcard,1.0,1.0,4.57763671875e-05,603.8591589999999
244928,Anomaly detection,GaussianScorer,creditcard,1.0,1.0,4.57763671875e-05,632.4621529999998
250624,Anomaly detection,GaussianScorer,creditcard,1.0,1.0,4.57763671875e-05,661.7148919999998
256320,Anomaly detection,GaussianScorer,creditcard,1.0,1.0,4.57763671875e-05,691.6017899999998
262016,Anomaly detection,GaussianScorer,creditcard,1.0,1.0,4.57763671875e-05,722.1373689999998
267712,Anomaly detection,GaussianScorer,creditcard,1.0,1.0,4.57763671875e-05,753.3111499999998
273408,Anomaly detection,GaussianScorer,creditcard,1.0,1.0,4.57763671875e-05,785.1402979999998
279104,Anomaly detection,GaussianScorer,creditcard,1.0,1.0,4.57763671875e-05,817.6753309999998
284800,Anomaly detection,GaussianScorer,creditcard,1.0,1.0,4.57763671875e-05,850.9050339999998
284807,Anomaly detection,GaussianScorer,creditcard,1.0,1.0,4.57763671875e-05,884.1355839999998
9880,Anomaly detection,GaussianScorer,kdd99_10pct_binary,1.0,1.0,4.57763671875e-05,1.294013
19760,Anomaly detection,GaussianScorer,kdd99_10pct_binary,0.9823886639676114,0.9564455569461827,4.57763671875e-05,3.9414640000000003
29640,Anomaly detection,GaussianScorer,kdd99_10pct_binary,0.9882591093117409,0.9581529581529581,4.57763671875e-05,7.825127
39520,Anomaly detection,GaussianScorer,kdd99_10pct_binary,0.9911943319838057,0.9581630199567203,4.57763671875e-05,12.891884000000001
49400,Anomaly detection,GaussianScorer,kdd99_10pct_binary,0.9929554655870445,0.9850103376981393,4.57763671875e-05,19.117819
59280,Anomaly detection,GaussianScorer,kdd99_10pct_binary,0.9941295546558705,0.9913673347886486,4.57763671875e-05,26.56653
69160,Anomaly detection,GaussianScorer,kdd99_10pct_binary,0.9949681897050318,0.9942069516580103,4.57763671875e-05,35.198512
79040,Anomaly detection,GaussianScorer,kdd99_10pct_binary,0.9345394736842105,0.9310188518251873,4.57763671875e-05,44.996046
88920,Anomaly detection,GaussianScorer,kdd99_10pct_binary,0.8353463787674315,0.8283567216497262,4.57763671875e-05,55.956587
98800,Anomaly detection,GaussianScorer,kdd99_10pct_binary,0.8250303643724697,0.8312030699227637,4.57763671875e-05,68.07620299999999
108680,Anomaly detection,GaussianScorer,kdd99_10pct_binary,0.7996871549503128,0.8150225167813748,4.57763671875e-05,81.33399999999999
118560,Anomaly detection,GaussianScorer,kdd99_10pct_binary,0.8163798920377868,0.8416151327755547,4.57763671875e-05,95.76681899999998
128440,Anomaly detection,GaussianScorer,kdd99_10pct_binary,0.8305045157271878,0.8615228038928822,4.57763671875e-05,111.39740899999998
138320,Anomaly detection,GaussianScorer,kdd99_10pct_binary,0.8291570271833429,0.8650497690010223,4.57763671875e-05,128.26141299999998
148200,Anomaly detection,GaussianScorer,kdd99_10pct_binary,0.7898582995951418,0.8337772274321216,4.57763671875e-05,146.328029
158080,Anomaly detection,GaussianScorer,kdd99_10pct_binary,0.7958312246963563,0.8433138335315679,4.57763671875e-05,165.595351
167960,Anomaly detection,GaussianScorer,kdd99_10pct_binary,0.8078411526553941,0.8570289485924384,4.57763671875e-05,186.022085
177840,Anomaly detection,GaussianScorer,kdd99_10pct_binary,0.818516644174539,0.8685362823567748,4.57763671875e-05,207.61373600000002
187720,Anomaly detection,GaussianScorer,kdd99_10pct_binary,0.8280683997443,0.8783292179518594,4.57763671875e-05,230.339332
197600,Anomaly detection,GaussianScorer,kdd99_10pct_binary,0.836664979757085,0.886764318919393,4.57763671875e-05,254.227463
207480,Anomaly detection,GaussianScorer,kdd99_10pct_binary,0.8444428378638905,0.8941056810538577,4.57763671875e-05,279.252035
217360,Anomaly detection,GaussianScorer,kdd99_10pct_binary,0.8515136179609863,0.9005530820071177,4.57763671875e-05,305.448376
227240,Anomaly detection,GaussianScorer,kdd99_10pct_binary,0.8579695476148566,0.9062604376933243,4.57763671875e-05,332.833937
237120,Anomaly detection,GaussianScorer,kdd99_10pct_binary,0.8245192307692307,0.8826995179432245,4.57763671875e-05,361.40142199999997
247000,Anomaly detection,GaussianScorer,kdd99_10pct_binary,0.7915384615384615,0.8587806149035956,4.57763671875e-05,391.16975499999995
256880,Anomaly detection,GaussianScorer,kdd99_10pct_binary,0.761094674556213,0.8361237950279047,4.57763671875e-05,422.09587999999997
266760,Anomaly detection,GaussianScorer,kdd99_10pct_binary,0.7329059829059829,0.81463173504696,4.57763671875e-05,454.20917799999995
276640,Anomaly detection,GaussianScorer,kdd99_10pct_binary,0.7067307692307693,0.7942168674698795,4.57763671875e-05,487.57872999999995
286520,Anomaly detection,GaussianScorer,kdd99_10pct_binary,0.6823607427055703,0.7748001880582981,4.57763671875e-05,522.030596
296400,Anomaly detection,GaussianScorer,kdd99_10pct_binary,0.6596153846153846,0.7563102340523177,4.57763671875e-05,557.5085459999999
306280,Anomaly detection,GaussianScorer,kdd99_10pct_binary,0.6383374689826302,0.7386822052891081,4.57763671875e-05,594.0047739999999
316160,Anomaly detection,GaussianScorer,kdd99_10pct_binary,0.6183894230769231,0.7218572054314499,4.57763671875e-05,631.5331879999999
326040,Anomaly detection,GaussianScorer,kdd99_10pct_binary,0.5996503496503497,0.7057815845824411,4.57763671875e-05,670.0724449999999
335920,Anomaly detection,GaussianScorer,kdd99_10pct_binary,0.5820135746606335,0.6904063678257227,4.57763671875e-05,709.6125639999999
345800,Anomaly detection,GaussianScorer,kdd99_10pct_binary,0.5653846153846154,0.6756867568675687,4.57763671875e-05,750.1720999999999
355680,Anomaly detection,GaussianScorer,kdd99_10pct_binary,0.5496794871794872,0.6615816940987556,4.57763671875e-05,791.7576149999999
365560,Anomaly detection,GaussianScorer,kdd99_10pct_binary,0.5348232848232848,0.648053480141565,4.57763671875e-05,834.3605469999999
375440,Anomaly detection,GaussianScorer,kdd99_10pct_binary,0.520748987854251,0.635067437379576,4.57763671875e-05,878.1490109999999
385320,Anomaly detection,GaussianScorer,kdd99_10pct_binary,0.507396449704142,0.6225916131469588,4.57763671875e-05,922.9470529999999
395200,Anomaly detection,GaussianScorer,kdd99_10pct_binary,0.4947115384615385,0.6105965172286032,4.57763671875e-05,968.7565969999998
405080,Anomaly detection,GaussianScorer,kdd99_10pct_binary,0.4826454033771107,0.599054889131225,4.57763671875e-05,1015.5737809999998
414960,Anomaly detection,GaussianScorer,kdd99_10pct_binary,0.47115384615384615,0.587941491259365,4.57763671875e-05,1063.403347
424840,Anomaly detection,GaussianScorer,kdd99_10pct_binary,0.4601967799642218,0.5772329246935202,4.57763671875e-05,1112.242712
434720,Anomaly detection,GaussianScorer,kdd99_10pct_binary,0.44973776223776224,0.5669074647402821,4.57763671875e-05,1162.084812
444600,Anomaly detection,GaussianScorer,kdd99_10pct_binary,0.43974358974358974,0.5569449138222373,4.57763671875e-05,1212.937144
454480,Anomaly detection,GaussianScorer,kdd99_10pct_binary,0.43018394648829433,0.5473264696114247,4.57763671875e-05,1264.80113
464360,Anomaly detection,GaussianScorer,kdd99_10pct_binary,0.42103109656301146,0.5380346065948416,4.57763671875e-05,1317.671646
474240,Anomaly detection,GaussianScorer,kdd99_10pct_binary,0.41225961538461536,0.5290529695024078,4.57763671875e-05,1371.552549
484120,Anomaly detection,GaussianScorer,kdd99_10pct_binary,0.40384615384615385,0.5203662772339754,4.57763671875e-05,1426.44058
494000,Anomaly detection,GaussianScorer,kdd99_10pct_binary,0.39576923076923076,0.5119602360981672,4.57763671875e-05,1482.334771
494021,Anomaly detection,GaussianScorer,kdd99_10pct_binary,0.39575240728632993,0.5119426582367473,4.57763671875e-05,1538.231238
206,Anomaly detection,GaussianScorer,nab_nyc_taxi,1.0,0.0,4.57763671875e-05,0.051323
412,Anomaly detection,GaussianScorer,nab_nyc_taxi,1.0,0.0,4.57763671875e-05,0.143108
618,Anomaly detection,GaussianScorer,nab_nyc_taxi,1.0,0.0,4.57763671875e-05,0.26851400000000003
824,Anomaly detection,GaussianScorer,nab_nyc_taxi,1.0,0.0,4.57763671875e-05,0.42164
1030,Anomaly detection,GaussianScorer,nab_nyc_taxi,1.0,0.0,4.57763671875e-05,0.596032
1236,Anomaly detection,GaussianScorer,nab_nyc_taxi,1.0,0.0,4.57763671875e-05,0.801861
1442,Anomaly detection,GaussianScorer,nab_nyc_taxi,1.0,0.0,4.57763671875e-05,1.0355130000000001
1648,Anomaly detection,GaussianScorer,nab_nyc_taxi,1.0,0.0,4.57763671875e-05,1.2951080000000001
1854,Anomaly detection,GaussianScorer,nab_nyc_taxi,1.0,0.0,4.57763671875e-05,1.5794970000000002
2060,Anomaly detection,GaussianScorer,nab_nyc_taxi,1.0,0.0,4.57763671875e-05,1.8999880000000002
2266,Anomaly detection,GaussianScorer,nab_nyc_taxi,1.0,0.0,4.57763671875e-05,2.253499
2472,Anomaly detection,GaussianScorer,nab_nyc_taxi,1.0,0.0,4.57763671875e-05,2.633464
2678,Anomaly detection,GaussianScorer,nab_nyc_taxi,1.0,0.0,4.57763671875e-05,3.034619
2884,Anomaly detection,GaussianScorer,nab_nyc_taxi,1.0,0.0,4.57763671875e-05,3.46157
3090,Anomaly detection,GaussianScorer,nab_nyc_taxi,1.0,0.0,4.57763671875e-05,3.9095590000000002
3296,Anomaly detection,GaussianScorer,nab_nyc_taxi,1.0,0.0,4.57763671875e-05,4.387387
3502,Anomaly detection,GaussianScorer,nab_nyc_taxi,1.0,0.0,4.57763671875e-05,4.891076
3708,Anomaly detection,GaussianScorer,nab_nyc_taxi,1.0,0.0,4.57763671875e-05,5.433558
3914,Anomaly detection,GaussianScorer,nab_nyc_taxi,1.0,0.0,4.57763671875e-05,6.025728
4120,Anomaly detection,GaussianScorer,nab_nyc_taxi,1.0,0.0,4.57763671875e-05,6.644983
4326,Anomaly detection,GaussianScorer,nab_nyc_taxi,1.0,0.0,4.57763671875e-05,7.28874
4532,Anomaly detection,GaussianScorer,nab_nyc_taxi,1.0,0.0,4.57763671875e-05,7.966125
4738,Anomaly detection,GaussianScorer,nab_nyc_taxi,1.0,0.0,4.57763671875e-05,8.664927
4944,Anomaly detection,GaussianScorer,nab_nyc_taxi,1.0,0.0,4.57763671875e-05,9.38866
5150,Anomaly detection,GaussianScorer,nab_nyc_taxi,1.0,0.0,4.57763671875e-05,10.138673
5356,Anomaly detection,GaussianScorer,nab_nyc_taxi,1.0,0.0,4.57763671875e-05,10.916445000000001
5562,Anomaly detection,GaussianScorer,nab_nyc_taxi,1.0,0.0,4.57763671875e-05,11.722852000000001
5768,Anomaly detection,GaussianScorer,nab_nyc_taxi,1.0,0.0,4.57763671875e-05,12.566682000000002
5974,Anomaly detection,GaussianScorer,nab_nyc_taxi,1.0,1.0,4.57763671875e-05,13.432540000000001
6180,Anomaly detection,GaussianScorer,nab_nyc_taxi,1.0,1.0,4.57763671875e-05,14.323645
6386,Anomaly detection,GaussianScorer,nab_nyc_taxi,1.0,1.0,4.57763671875e-05,15.253979000000001
6592,Anomaly detection,GaussianScorer,nab_nyc_taxi,1.0,1.0,4.57763671875e-05,16.218052
6798,Anomaly detection,GaussianScorer,nab_nyc_taxi,1.0,1.0,4.57763671875e-05,17.211519
7004,Anomaly detection,GaussianScorer,nab_nyc_taxi,1.0,1.0,4.57763671875e-05,18.229405
7210,Anomaly detection,GaussianScorer,nab_nyc_taxi,1.0,1.0,4.57763671875e-05,19.269524
7416,Anomaly detection,GaussianScorer,nab_nyc_taxi,1.0,1.0,4.57763671875e-05,20.344633
7622,Anomaly detection,GaussianScorer,nab_nyc_taxi,1.0,1.0,4.57763671875e-05,21.440197
7828,Anomaly detection,GaussianScorer,nab_nyc_taxi,1.0,1.0,4.57763671875e-05,22.556011
8034,Anomaly detection,GaussianScorer,nab_nyc_taxi,1.0,1.0,4.57763671875e-05,23.692145
8240,Anomaly detection,GaussianScorer,nab_nyc_taxi,1.0,1.0,4.57763671875e-05,24.848541
8446,Anomaly detection,GaussianScorer,nab_nyc_taxi,1.0,1.0,4.57763671875e-05,26.030965000000002
8652,Anomaly detection,GaussianScorer,nab_nyc_taxi,1.0,1.0,4.57763671875e-05,27.235336000000004
8858,Anomaly detection,GaussianScorer,nab_nyc_taxi,1.0,1.0,4.57763671875e-05,28.466654000000005
9064,Anomaly detection,GaussianScorer,nab_nyc_taxi,1.0,1.0,4.57763671875e-05,29.722776000000007
9270,Anomaly detection,GaussianScorer,nab_nyc_taxi,1.0,1.0,4.57763671875e-05,31.005634000000008
9476,Anomaly detection,GaussianScorer,nab_nyc_taxi,1.0,1.0,4.57763671875e-05,32.31509200000001
9682,Anomaly detection,GaussianScorer,nab_nyc_taxi,1.0,1.0,4.57763671875e-05,33.651770000000006
9888,Anomaly detection,GaussianScorer,nab_nyc_taxi,1.0,1.0,4.57763671875e-05,35.01711300000001
10094,Anomaly detection,GaussianScorer,nab_nyc_taxi,1.0,1.0,4.57763671875e-05,36.40621200000001
10300,Anomaly detection,GaussianScorer,nab_nyc_taxi,1.0,1.0,4.57763671875e-05,37.82462300000001
10320,Anomaly detection,GaussianScorer,nab_nyc_taxi,1.0,1.0,4.57763671875e-05,39.24503200000001
5696,Anomaly detection,HalfSpaceTrees,creditcard,0.044417134831460675,0.0011011194714626537,4.57763671875e-05,1.49423
11392,Anomaly detection,HalfSpaceTrees,creditcard,0.026246488764044944,0.008757036904655525,4.57763671875e-05,4.505331
17088,Anomaly detection,HalfSpaceTrees,creditcard,0.019077715355805245,0.008986638287808916,4.57763671875e-05,8.8209
22784,Anomaly detection,HalfSpaceTrees,creditcard,0.014747191011235955,0.007603890362511052,4.57763671875e-05,14.491406
28480,Anomaly detection,HalfSpaceTrees,creditcard,0.012043539325842697,0.006567100942696749,4.57763671875e-05,21.476227
34176,Anomaly detection,HalfSpaceTrees,creditcard,0.010328885767790261,0.006053660113432661,4.57763671875e-05,29.772374
39872,Anomaly detection,HalfSpaceTrees,creditcard,0.008878410914927769,0.005235865679907365,4.57763671875e-05,39.34268
45568,Anomaly detection,HalfSpaceTrees,creditcard,0.00860252808988764,0.0062472503299604056,4.57763671875e-05,50.275548
51264,Anomaly detection,HalfSpaceTrees,creditcard,0.007802746566791511,0.005863497771870847,4.57763671875e-05,62.578934000000004
56960,Anomaly detection,HalfSpaceTrees,creditcard,0.007145365168539326,0.00552165579334236,4.57763671875e-05,76.18360700000001
62656,Anomaly detection,HalfSpaceTrees,creditcard,0.006607507660878448,0.005242128815726387,4.57763671875e-05,91.13798100000001
68352,Anomaly detection,HalfSpaceTrees,creditcard,0.006159293071161049,0.005009300894936505,4.57763671875e-05,107.46651700000001
74048,Anomaly detection,HalfSpaceTrees,creditcard,0.005807044079515989,0.004866311606153181,4.57763671875e-05,125.1252
79744,Anomaly detection,HalfSpaceTrees,creditcard,0.005555276886035313,0.004843951962051527,4.57763671875e-05,144.065163
85440,Anomaly detection,HalfSpaceTrees,creditcard,0.0053136704119850185,0.004777853244958662,4.57763671875e-05,164.34581200000002
91136,Anomaly detection,HalfSpaceTrees,creditcard,0.005058374297752809,0.004632424777983908,4.57763671875e-05,185.96407200000002
96832,Anomaly detection,HalfSpaceTrees,creditcard,0.004864094514210178,0.004565974195014617,4.57763671875e-05,209.017156
102528,Anomaly detection,HalfSpaceTrees,creditcard,0.004691401373283396,0.004506921343491791,4.57763671875e-05,233.456078
108224,Anomaly detection,HalfSpaceTrees,creditcard,0.004499926079243052,0.004380331019951761,4.57763671875e-05,259.267649
113920,Anomaly detection,HalfSpaceTrees,creditcard,0.00431004213483146,0.004231373616244261,4.57763671875e-05,286.464255
119616,Anomaly detection,HalfSpaceTrees,creditcard,0.004138242375601926,0.004096613187750291,4.57763671875e-05,314.984737
125312,Anomaly detection,HalfSpaceTrees,creditcard,0.004061861593462717,0.004133385466122997,4.57763671875e-05,344.862907
131008,Anomaly detection,HalfSpaceTrees,creditcard,0.00390052515876893,0.003984154969889863,4.57763671875e-05,376.11994
136704,Anomaly detection,HalfSpaceTrees,creditcard,0.003752633426966292,0.003847363531967495,4.57763671875e-05,408.801913
142400,Anomaly detection,HalfSpaceTrees,creditcard,0.003644662921348315,0.003777585855819799,4.57763671875e-05,442.849131
148096,Anomaly detection,HalfSpaceTrees,creditcard,0.003612521607605877,0.003847945399680013,4.57763671875e-05,478.089624
153792,Anomaly detection,HalfSpaceTrees,creditcard,0.0038493549729504786,0.004289613934745872,4.57763671875e-05,514.508143
159488,Anomaly detection,HalfSpaceTrees,creditcard,0.0038748996789727125,0.004461656076499856,4.57763671875e-05,552.100246
165184,Anomaly detection,HalfSpaceTrees,creditcard,0.0037533901588531577,0.004332042594385286,4.57763671875e-05,590.8617009999999
170880,Anomaly detection,HalfSpaceTrees,creditcard,0.0036399812734082397,0.004211068090631542,4.57763671875e-05,630.793195
176576,Anomaly detection,HalfSpaceTrees,creditcard,0.0035338890902500905,0.004097896714890534,4.57763671875e-05,671.8831749999999
182272,Anomaly detection,HalfSpaceTrees,creditcard,0.003439913974719101,0.004002741603838246,4.57763671875e-05,714.1398829999999
187968,Anomaly detection,HalfSpaceTrees,creditcard,0.0033516343207354443,0.00391335325457001,4.57763671875e-05,757.768024
193664,Anomaly detection,HalfSpaceTrees,creditcard,0.003320183410442829,0.0039322334776528385,4.57763671875e-05,802.558988
199360,Anomaly detection,HalfSpaceTrees,creditcard,0.0032403691813804175,0.003849971425993323,4.57763671875e-05,848.507934
205056,Anomaly detection,HalfSpaceTrees,creditcard,0.0031942493757802747,0.003830652039359219,4.57763671875e-05,895.6169639999999
210752,Anomaly detection,HalfSpaceTrees,creditcard,0.0031126632250227755,0.0037366514292217516,4.57763671875e-05,943.887119
216448,Anomaly detection,HalfSpaceTrees,creditcard,0.0030723314606741574,0.003721333955094673,4.57763671875e-05,993.32051
222144,Anomaly detection,HalfSpaceTrees,creditcard,0.003025064822817632,0.0036888417037050365,4.57763671875e-05,1043.917102
227840,Anomaly detection,HalfSpaceTrees,creditcard,0.0029801615168539328,0.003657974955591131,4.57763671875e-05,1095.672373
233536,Anomaly detection,HalfSpaceTrees,creditcard,0.0029331666209920526,0.0036200721447001882,4.57763671875e-05,1148.5958170000001
239232,Anomaly detection,HalfSpaceTrees,creditcard,0.0029134898341359014,0.0036340093147595076,4.57763671875e-05,1202.6752760000002
244928,Anomaly detection,HalfSpaceTrees,creditcard,0.002894728246668409,0.003647297368968598,4.57763671875e-05,1257.9150650000001
250624,Anomaly detection,HalfSpaceTrees,creditcard,0.002872829417773238,0.003652021369906706,4.57763671875e-05,1314.3168140000002
256320,Anomaly detection,HalfSpaceTrees,creditcard,0.0028558052434456927,0.0036643173454749584,4.57763671875e-05,1371.8660100000002
262016,Anomaly detection,HalfSpaceTrees,creditcard,0.0028089887640449437,0.0036151745808990646,4.57763671875e-05,1430.5660280000002
267712,Anomaly detection,HalfSpaceTrees,creditcard,0.0027716351900549845,0.003583025417086552,4.57763671875e-05,1490.4194270000003
273408,Anomaly detection,HalfSpaceTrees,creditcard,0.0027212078651685395,0.003523031268729808,4.57763671875e-05,1551.4252590000003
279104,Anomaly detection,HalfSpaceTrees,creditcard,0.0026835874799357945,0.0034869276015021713,4.57763671875e-05,1613.5871790000003
284800,Anomaly detection,HalfSpaceTrees,creditcard,0.0026474719101123594,0.0034522681822966,4.57763671875e-05,1676.9182490000003
284807,Anomaly detection,HalfSpaceTrees,creditcard,0.0026474068404217592,0.003452183400751481,4.57763671875e-05,1740.2509770000004
9880,Anomaly detection,HalfSpaceTrees,kdd99_10pct_binary,0.7757085020242915,0.011596788581623552,4.57763671875e-05,2.949842
19760,Anomaly detection,HalfSpaceTrees,kdd99_10pct_binary,0.7912955465587045,0.03192488262910798,4.57763671875e-05,8.406661
29640,Anomaly detection,HalfSpaceTrees,kdd99_10pct_binary,0.8412280701754385,0.08869093725793958,4.57763671875e-05,16.325744999999998
39520,Anomaly detection,HalfSpaceTrees,kdd99_10pct_binary,0.8718117408906882,0.08324285197249366,4.57763671875e-05,26.777479
49400,Anomaly detection,HalfSpaceTrees,kdd99_10pct_binary,0.7281174089068826,0.06852070185172343,4.57763671875e-05,39.660044
59280,Anomaly detection,HalfSpaceTrees,kdd99_10pct_binary,0.6241734143049933,0.05824914401657016,4.57763671875e-05,55.099345
69160,Anomaly detection,HalfSpaceTrees,kdd99_10pct_binary,0.5350057836899942,0.041088946536661,4.57763671875e-05,72.992967
79040,Anomaly detection,HalfSpaceTrees,kdd99_10pct_binary,0.5121204453441296,0.03623912826152154,4.57763671875e-05,93.364994
88920,Anomaly detection,HalfSpaceTrees,kdd99_10pct_binary,0.5593567251461988,0.05137516947511137,4.57763671875e-05,116.23004599999999
98800,Anomaly detection,HalfSpaceTrees,kdd99_10pct_binary,0.5342307692307692,0.06459874786568014,4.57763671875e-05,141.56769
108680,Anomaly detection,HalfSpaceTrees,kdd99_10pct_binary,0.5264722119985278,0.06221185560435155,4.57763671875e-05,169.385107
118560,Anomaly detection,HalfSpaceTrees,kdd99_10pct_binary,0.48259952766531716,0.052720169248112174,4.57763671875e-05,199.711514
128440,Anomaly detection,HalfSpaceTrees,kdd99_10pct_binary,0.4454764870756774,0.04574138831946621,4.57763671875e-05,232.630824
138320,Anomaly detection,HalfSpaceTrees,kdd99_10pct_binary,0.4283473105841527,0.04881569608680485,4.57763671875e-05,267.906613
148200,Anomaly detection,HalfSpaceTrees,kdd99_10pct_binary,0.441889338731444,0.07364931457754681,4.57763671875e-05,305.296961
158080,Anomaly detection,HalfSpaceTrees,kdd99_10pct_binary,0.42136892712550605,0.07673207364341085,4.57763671875e-05,344.839274
167960,Anomaly detection,HalfSpaceTrees,kdd99_10pct_binary,0.3965825196475351,0.0697738453630957,4.57763671875e-05,386.573059
177840,Anomaly detection,HalfSpaceTrees,kdd99_10pct_binary,0.3745501574448943,0.06397266729500471,4.57763671875e-05,430.70016499999997
187720,Anomaly detection,HalfSpaceTrees,kdd99_10pct_binary,0.35483699126358403,0.059062092112623525,4.57763671875e-05,476.993812
197600,Anomaly detection,HalfSpaceTrees,kdd99_10pct_binary,0.33709514170040483,0.054851650888940194,4.57763671875e-05,525.455483
207480,Anomaly detection,HalfSpaceTrees,kdd99_10pct_binary,0.32104299209562365,0.051201573360633655,4.57763671875e-05,576.0832849999999
217360,Anomaly detection,HalfSpaceTrees,kdd99_10pct_binary,0.3064501288185499,0.04800697180963928,4.57763671875e-05,628.8782689999999
227240,Anomaly detection,HalfSpaceTrees,kdd99_10pct_binary,0.2931262101742651,0.045187598078843504,4.57763671875e-05,683.865561
237120,Anomaly detection,HalfSpaceTrees,kdd99_10pct_binary,0.28091261808367074,0.0426810097017607,4.57763671875e-05,741.022922
247000,Anomaly detection,HalfSpaceTrees,kdd99_10pct_binary,0.2696761133603239,0.040437890974084005,4.57763671875e-05,800.321978
256880,Anomaly detection,HalfSpaceTrees,kdd99_10pct_binary,0.2593039551541576,0.038418775774237884,4.57763671875e-05,861.765992
266760,Anomaly detection,HalfSpaceTrees,kdd99_10pct_binary,0.24970010496326286,0.03659170549501329,4.57763671875e-05,925.365945
276640,Anomaly detection,HalfSpaceTrees,kdd99_10pct_binary,0.24078224407171775,0.034930524922805475,4.57763671875e-05,991.081575
286520,Anomaly detection,HalfSpaceTrees,kdd99_10pct_binary,0.23247940806924472,0.033413622138612466,4.57763671875e-05,1058.9148770000002
296400,Anomaly detection,HalfSpaceTrees,kdd99_10pct_binary,0.22473009446693656,0.03202298308283346,4.57763671875e-05,1128.8096300000002
306280,Anomaly detection,HalfSpaceTrees,kdd99_10pct_binary,0.21748073658090636,0.030743472774919928,4.57763671875e-05,1200.7741780000001
316160,Anomaly detection,HalfSpaceTrees,kdd99_10pct_binary,0.21068446356275303,0.029562282229965157,4.57763671875e-05,1274.8157990000002
326040,Anomaly detection,HalfSpaceTrees,kdd99_10pct_binary,0.20430008587903326,0.028468498157524197,4.57763671875e-05,1350.9214390000002
335920,Anomaly detection,HalfSpaceTrees,kdd99_10pct_binary,0.19829125982376755,0.02745276477725776,4.57763671875e-05,1429.0909580000002
345800,Anomaly detection,HalfSpaceTrees,kdd99_10pct_binary,0.19740312319259687,0.02790153553015019,4.57763671875e-05,1509.3110090000002
355680,Anomaly detection,HalfSpaceTrees,kdd99_10pct_binary,0.19813877642825012,0.0296343172879326,4.57763671875e-05,1591.5741750000002
365560,Anomaly detection,HalfSpaceTrees,kdd99_10pct_binary,0.19278367436262173,0.028670555241017002,4.57763671875e-05,1675.9431480000003
375440,Anomaly detection,HalfSpaceTrees,kdd99_10pct_binary,0.19041657788195185,0.03198170654029402,4.57763671875e-05,1762.3566890000002
385320,Anomaly detection,HalfSpaceTrees,kdd99_10pct_binary,0.18553410152600436,0.03100607647465665,4.57763671875e-05,1850.8615770000001
395200,Anomaly detection,HalfSpaceTrees,kdd99_10pct_binary,0.18089574898785424,0.030088209209233205,4.57763671875e-05,1941.42452
405080,Anomaly detection,HalfSpaceTrees,kdd99_10pct_binary,0.17651821862348177,0.029241263706842366,4.57763671875e-05,2034.020011
414960,Anomaly detection,HalfSpaceTrees,kdd99_10pct_binary,0.17231540389435127,0.028424006517606595,4.57763671875e-05,2128.6228140000003
424840,Anomaly detection,HalfSpaceTrees,kdd99_10pct_binary,0.16830806892006403,0.02765118992580851,4.57763671875e-05,2225.232754
434720,Anomaly detection,HalfSpaceTrees,kdd99_10pct_binary,0.16448288553551713,0.026919285010073297,4.57763671875e-05,2323.855982
444600,Anomaly detection,HalfSpaceTrees,kdd99_10pct_binary,0.1608277103013945,0.026225126845259225,4.57763671875e-05,2424.487475
454480,Anomaly detection,HalfSpaceTrees,kdd99_10pct_binary,0.1642910579123394,0.026202911035732874,4.57763671875e-05,2527.110925
464360,Anomaly detection,HalfSpaceTrees,kdd99_10pct_binary,0.16915539667499355,0.027505337477282638,4.57763671875e-05,2631.8925169999998
474240,Anomaly detection,HalfSpaceTrees,kdd99_10pct_binary,0.1656313259109312,0.026836988413759862,4.57763671875e-05,2738.69382
484120,Anomaly detection,HalfSpaceTrees,kdd99_10pct_binary,0.16824134512104436,0.027047467169246008,4.57763671875e-05,2847.527419
494000,Anomaly detection,HalfSpaceTrees,kdd99_10pct_binary,0.1751174089068826,0.028582871255500828,4.57763671875e-05,2958.375034
494021,Anomaly detection,HalfSpaceTrees,kdd99_10pct_binary,0.17515247327542757,0.028582871255500828,4.57763671875e-05,3069.226864
206,Anomaly detection,HalfSpaceTrees,nab_nyc_taxi,1.0,0.0,4.57763671875e-05,0.079142
412,Anomaly detection,HalfSpaceTrees,nab_nyc_taxi,1.0,0.0,4.57763671875e-05,0.202437
618,Anomaly detection,HalfSpaceTrees,nab_nyc_taxi,1.0,0.0,4.57763671875e-05,0.37175400000000003
824,Anomaly detection,HalfSpaceTrees,nab_nyc_taxi,1.0,0.0,4.57763671875e-05,0.5977680000000001
1030,Anomaly detection,HalfSpaceTrees,nab_nyc_taxi,1.0,0.0,4.57763671875e-05,0.8884320000000001
1236,Anomaly detection,HalfSpaceTrees,nab_nyc_taxi,1.0,0.0,4.57763671875e-05,1.2341710000000001
1442,Anomaly detection,HalfSpaceTrees,nab_nyc_taxi,1.0,0.0,4.57763671875e-05,1.6475060000000001
1648,Anomaly detection,HalfSpaceTrees,nab_nyc_taxi,1.0,0.0,4.57763671875e-05,2.1225870000000002
1854,Anomaly detection,HalfSpaceTrees,nab_nyc_taxi,1.0,0.0,4.57763671875e-05,2.6542260000000004
2060,Anomaly detection,HalfSpaceTrees,nab_nyc_taxi,1.0,0.0,4.57763671875e-05,3.2370990000000006
2266,Anomaly detection,HalfSpaceTrees,nab_nyc_taxi,1.0,0.0,4.57763671875e-05,3.8714090000000008
2472,Anomaly detection,HalfSpaceTrees,nab_nyc_taxi,1.0,0.0,4.57763671875e-05,4.561924000000001
2678,Anomaly detection,HalfSpaceTrees,nab_nyc_taxi,1.0,0.0,4.57763671875e-05,5.302332000000002
2884,Anomaly detection,HalfSpaceTrees,nab_nyc_taxi,1.0,0.0,4.57763671875e-05,6.091366000000002
3090,Anomaly detection,HalfSpaceTrees,nab_nyc_taxi,1.0,0.0,4.57763671875e-05,6.930907000000001
3296,Anomaly detection,HalfSpaceTrees,nab_nyc_taxi,1.0,0.0,4.57763671875e-05,7.814888000000002
3502,Anomaly detection,HalfSpaceTrees,nab_nyc_taxi,1.0,0.0,4.57763671875e-05,8.748542000000002
3708,Anomaly detection,HalfSpaceTrees,nab_nyc_taxi,1.0,0.0,4.57763671875e-05,9.742749000000002
3914,Anomaly detection,HalfSpaceTrees,nab_nyc_taxi,1.0,0.0,4.57763671875e-05,10.796607000000002
4120,Anomaly detection,HalfSpaceTrees,nab_nyc_taxi,1.0,0.0,4.57763671875e-05,11.899520000000003
4326,Anomaly detection,HalfSpaceTrees,nab_nyc_taxi,1.0,0.0,4.57763671875e-05,13.060116000000003
4532,Anomaly detection,HalfSpaceTrees,nab_nyc_taxi,1.0,0.0,4.57763671875e-05,14.283612000000002
4738,Anomaly detection,HalfSpaceTrees,nab_nyc_taxi,1.0,0.0,4.57763671875e-05,15.558853000000001
4944,Anomaly detection,HalfSpaceTrees,nab_nyc_taxi,1.0,0.0,4.57763671875e-05,16.881076
5150,Anomaly detection,HalfSpaceTrees,nab_nyc_taxi,1.0,0.0,4.57763671875e-05,18.255732000000002
5356,Anomaly detection,HalfSpaceTrees,nab_nyc_taxi,1.0,0.0,4.57763671875e-05,19.6872
5562,Anomaly detection,HalfSpaceTrees,nab_nyc_taxi,1.0,0.0,4.57763671875e-05,21.172119000000002
5768,Anomaly detection,HalfSpaceTrees,nab_nyc_taxi,1.0,0.0,4.57763671875e-05,22.717108000000003
5974,Anomaly detection,HalfSpaceTrees,nab_nyc_taxi,0.9774020756611985,0.0,4.57763671875e-05,24.317086000000003
6180,Anomaly detection,HalfSpaceTrees,nab_nyc_taxi,0.9665048543689321,0.0,4.57763671875e-05,25.969897000000003
6386,Anomaly detection,HalfSpaceTrees,nab_nyc_taxi,0.9675853429376762,0.0,4.57763671875e-05,27.676365000000004
6592,Anomaly detection,HalfSpaceTrees,nab_nyc_taxi,0.9685983009708737,0.0,4.57763671875e-05,29.456901000000006
6798,Anomaly detection,HalfSpaceTrees,nab_nyc_taxi,0.96954986760812,0.0,4.57763671875e-05,31.294994000000006
7004,Anomaly detection,HalfSpaceTrees,nab_nyc_taxi,0.970445459737293,0.0,4.57763671875e-05,33.185377
7210,Anomaly detection,HalfSpaceTrees,nab_nyc_taxi,0.953259361997226,0.0,4.57763671875e-05,35.125629
7416,Anomaly detection,HalfSpaceTrees,nab_nyc_taxi,0.9441747572815534,0.0,4.57763671875e-05,37.119224
7622,Anomaly detection,HalfSpaceTrees,nab_nyc_taxi,0.9456835476252952,0.0,4.57763671875e-05,39.174473000000006
7828,Anomaly detection,HalfSpaceTrees,nab_nyc_taxi,0.9471129279509454,0.0,4.57763671875e-05,41.28317200000001
8034,Anomaly detection,HalfSpaceTrees,nab_nyc_taxi,0.9484690067214339,0.0,4.57763671875e-05,43.453517000000005
8240,Anomaly detection,HalfSpaceTrees,nab_nyc_taxi,0.949757281553398,0.0,4.57763671875e-05,45.68145200000001
8446,Anomaly detection,HalfSpaceTrees,nab_nyc_taxi,0.9482595311390007,0.0,4.57763671875e-05,47.97168400000001
8652,Anomaly detection,HalfSpaceTrees,nab_nyc_taxi,0.9282246879334258,0.0,4.57763671875e-05,50.32089100000001
8858,Anomaly detection,HalfSpaceTrees,nab_nyc_taxi,0.9155565590426733,0.0,4.57763671875e-05,52.74280300000001
9064,Anomaly detection,HalfSpaceTrees,nab_nyc_taxi,0.9086496028243601,0.0,4.57763671875e-05,55.22113000000001
9270,Anomaly detection,HalfSpaceTrees,nab_nyc_taxi,0.9106796116504854,0.0,4.57763671875e-05,57.75020700000001
9476,Anomaly detection,HalfSpaceTrees,nab_nyc_taxi,0.912621359223301,0.0,4.57763671875e-05,60.34044500000001
9682,Anomaly detection,HalfSpaceTrees,nab_nyc_taxi,0.9144804792398264,0.0,4.57763671875e-05,62.98318800000001
9888,Anomaly detection,HalfSpaceTrees,nab_nyc_taxi,0.9162621359223301,0.0,4.57763671875e-05,65.70232500000002
10094,Anomaly detection,HalfSpaceTrees,nab_nyc_taxi,0.9063800277392511,0.0,4.57763671875e-05,68.48207000000002
10300,Anomaly detection,HalfSpaceTrees,nab_nyc_taxi,0.8995145631067961,0.0,4.57763671875e-05,71.30973500000002
10320,Anomaly detection,HalfSpaceTrees,nab_nyc_taxi,0.8997093023255814,0.0,4.57763671875e-05,74.14157300000002
5696,Anomaly detection,OneClassSVM,creditcard,0.0008778089887640449,0.00105318588730911,4.57763671875e-05,0.897956
11392,Anomaly detection,OneClassSVM,creditcard,0.004476825842696629,0.008567182446018009,4.57763671875e-05,2.712002
17088,Anomaly detection,OneClassSVM,creditcard,0.004564606741573034,0.008856776599463934,4.57763671875e-05,5.422879
22784,Anomaly detection,OneClassSVM,creditcard,0.0038623595505617976,0.00752142732202204,4.57763671875e-05,8.916493
28480,Anomaly detection,OneClassSVM,creditcard,0.0033356741573033707,0.006510097651464771,4.57763671875e-05,13.233649999999999
34176,Anomaly detection,OneClassSVM,creditcard,0.0030723314606741574,0.006009860839630073,4.57763671875e-05,18.368799
39872,Anomaly detection,OneClassSVM,creditcard,0.002658507223113965,0.005203382198428979,4.57763671875e-05,24.348444
45568,Anomaly detection,OneClassSVM,creditcard,0.0031601123595505617,0.00621335433622123,4.57763671875e-05,31.148310000000002
51264,Anomaly detection,OneClassSVM,creditcard,0.002965043695380774,0.0058352135688166185,4.57763671875e-05,38.729565
56960,Anomaly detection,OneClassSVM,creditcard,0.002791432584269663,0.005497680119058041,4.57763671875e-05,47.147829
62656,Anomaly detection,OneClassSVM,creditcard,0.0026493871297242084,0.005221433347129804,4.57763671875e-05,56.382789
68352,Anomaly detection,OneClassSVM,creditcard,0.0025310159176029964,0.004991170590038091,4.57763671875e-05,66.398235
74048,Anomaly detection,OneClassSVM,creditcard,0.0024578651685393258,0.004850052542235874,4.57763671875e-05,77.201592
79744,Anomaly detection,OneClassSVM,creditcard,0.002445325040128411,0.00482892350034403,4.57763671875e-05,88.77580300000001
85440,Anomaly detection,OneClassSVM,creditcard,0.0024110486891385768,0.004764017654888956,4.57763671875e-05,101.13872400000001
91136,Anomaly detection,OneClassSVM,creditcard,0.0023371664325842695,0.004619847829656795,4.57763671875e-05,114.27086400000002
96832,Anomaly detection,OneClassSVM,creditcard,0.002302957699933906,0.004554306498645042,4.57763671875e-05,128.175284
102528,Anomaly detection,OneClassSVM,creditcard,0.0022725499375780274,0.004496044065124516,4.57763671875e-05,142.817429
108224,Anomaly detection,OneClassSVM,creditcard,0.0022083826138379658,0.0043703150499267,4.57763671875e-05,158.26069
113920,Anomaly detection,OneClassSVM,creditcard,0.0021330758426966294,0.004222181343564677,4.57763671875e-05,174.51017000000002
119616,Anomaly detection,OneClassSVM,creditcard,0.0020649411449973247,0.0040881368941839994,4.57763671875e-05,191.585842
125312,Anomaly detection,OneClassSVM,creditcard,0.0020828013278855976,0.0041252219895037785,4.57763671875e-05,209.45553700000002
131008,Anomaly detection,OneClassSVM,creditcard,0.0020075109916951636,0.003976627789162547,4.57763671875e-05,228.09422600000002
136704,Anomaly detection,OneClassSVM,creditcard,0.0019384948501872659,0.003840397181761764,4.57763671875e-05,247.54773600000001
142400,Anomaly detection,OneClassSVM,creditcard,0.0019030898876404494,0.0037710192265905922,4.57763671875e-05,267.838163
148096,Anomaly detection,OneClassSVM,creditcard,0.0019379321521175454,0.003841513960870474,4.57763671875e-05,288.947599
153792,Anomaly detection,OneClassSVM,creditcard,0.0021587598834789845,0.004282377368284454,4.57763671875e-05,310.838433
159488,Anomaly detection,OneClassSVM,creditcard,0.0022446829855537723,0.004454398718734751,4.57763671875e-05,333.542961
165184,Anomaly detection,OneClassSVM,creditcard,0.0021793878341728012,0.004325238613024043,4.57763671875e-05,357.016641
170880,Anomaly detection,OneClassSVM,creditcard,0.0021184456928838953,0.00420467419614805,4.57763671875e-05,381.24285199999997
176576,Anomaly detection,OneClassSVM,creditcard,0.002061435302645886,0.004091875028258805,4.57763671875e-05,406.301253
182272,Anomaly detection,OneClassSVM,creditcard,0.002013474367977528,0.003997043283050894,4.57763671875e-05,432.19580299999996
187968,Anomaly detection,OneClassSVM,creditcard,0.0019684201566224037,0.003907950768315864,4.57763671875e-05,458.93558699999994
193664,Anomaly detection,OneClassSVM,creditcard,0.0019776520158625247,0.0039269646418577326,4.57763671875e-05,486.46826699999997
199360,Anomaly detection,OneClassSVM,creditcard,0.0019361958266452648,0.0038449599983979336,4.57763671875e-05,514.847586
205056,Anomaly detection,OneClassSVM,creditcard,0.0019263030586766541,0.003825804222013463,4.57763671875e-05,544.0232649999999
210752,Anomaly detection,OneClassSVM,creditcard,0.001878985727300334,0.0037320501648164285,4.57763671875e-05,573.9934149999999
216448,Anomaly detection,OneClassSVM,creditcard,0.001871119160260201,0.003716872109163519,4.57763671875e-05,604.7429209999999
222144,Anomaly detection,OneClassSVM,creditcard,0.0018546528377989052,0.003684532154283044,4.57763671875e-05,636.3366809999999
227840,Anomaly detection,OneClassSVM,creditcard,0.0018390098314606741,0.003653808240783334,4.57763671875e-05,668.7873409999999
233536,Anomaly detection,OneClassSVM,creditcard,0.001819847903535215,0.003616049103040302,4.57763671875e-05,702.1239739999999
239232,Anomaly detection,OneClassSVM,creditcard,0.0018266787051899411,0.0036300669684768317,4.57763671875e-05,736.1821109999998
244928,Anomaly detection,OneClassSVM,creditcard,0.001833191795139796,0.003643432651514225,4.57763671875e-05,771.0018379999999
250624,Anomaly detection,OneClassSVM,creditcard,0.0018354187946884575,0.0036482396049068028,4.57763671875e-05,806.512265
256320,Anomaly detection,OneClassSVM,creditcard,0.0018414481897627965,0.003660607193482561,4.57763671875e-05,842.719116
262016,Anomaly detection,OneClassSVM,creditcard,0.0018166829506595017,0.003611593672853616,4.57763671875e-05,879.625588
267712,Anomaly detection,OneClassSVM,creditcard,0.001800442266316041,0.0035795518102837544,4.57763671875e-05,917.225552
273408,Anomaly detection,OneClassSVM,creditcard,0.001770248127340824,0.0035196868793083303,4.57763671875e-05,955.512192
279104,Anomaly detection,OneClassSVM,creditcard,0.0017520350836964,0.003483684980453452,4.57763671875e-05,994.495536
284800,Anomaly detection,OneClassSVM,creditcard,0.001734550561797753,0.0034491219460899437,4.57763671875e-05,1034.173462
284807,Anomaly detection,OneClassSVM,creditcard,0.0017345079299314974,0.003449037319004406,4.57763671875e-05,1073.8523579999999
9880,Anomaly detection,OneClassSVM,kdd99_10pct_binary,0.21204453441295545,0.34967838944114943,4.57763671875e-05,1.765466
19760,Anomaly detection,OneClassSVM,kdd99_10pct_binary,0.19352226720647772,0.32411570107727544,4.57763671875e-05,5.1363389999999995
29640,Anomaly detection,OneClassSVM,kdd99_10pct_binary,0.13451417004048583,0.2369947354332114,4.57763671875e-05,9.900096
39520,Anomaly detection,OneClassSVM,kdd99_10pct_binary,0.10093623481781376,0.18321417898439116,4.57763671875e-05,16.126934
49400,Anomaly detection,OneClassSVM,kdd99_10pct_binary,0.23153846153846153,0.37593292783166204,4.57763671875e-05,23.709125999999998
59280,Anomaly detection,OneClassSVM,kdd99_10pct_binary,0.33714574898785427,0.5042267026672387,4.57763671875e-05,32.693612
69160,Anomaly detection,OneClassSVM,kdd99_10pct_binary,0.4318392134181608,0.6031630612615888,4.57763671875e-05,43.072657
79040,Anomaly detection,OneClassSVM,kdd99_10pct_binary,0.4418016194331984,0.6128194327436113,4.57763671875e-05,54.842222
88920,Anomaly detection,OneClassSVM,kdd99_10pct_binary,0.39735717498875395,0.5686989416073082,4.57763671875e-05,68.05672
98800,Anomaly detection,OneClassSVM,kdd99_10pct_binary,0.43084008097165993,0.6021972424819078,4.57763671875e-05,82.697474
108680,Anomaly detection,OneClassSVM,kdd99_10pct_binary,0.44133235185866765,0.6123751883347379,4.57763671875e-05,98.78242399999999
118560,Anomaly detection,OneClassSVM,kdd99_10pct_binary,0.4878879892037787,0.6557971836096057,4.57763671875e-05,116.24947499999999
128440,Anomaly detection,OneClassSVM,kdd99_10pct_binary,0.527281220803488,0.6904708497318461,4.57763671875e-05,135.14764599999998
138320,Anomaly detection,OneClassSVM,kdd99_10pct_binary,0.5475925390399075,0.7076592464553503,4.57763671875e-05,155.440218
148200,Anomaly detection,OneClassSVM,kdd99_10pct_binary,0.5270647773279352,0.6902869162141023,4.57763671875e-05,177.177608
158080,Anomaly detection,OneClassSVM,kdd99_10pct_binary,0.5494622975708502,0.7092201477150708,4.57763671875e-05,200.344566
167960,Anomaly detection,OneClassSVM,kdd99_10pct_binary,0.5759645153608002,0.7309277610496768,4.57763671875e-05,224.93417499999998
177840,Anomaly detection,OneClassSVM,kdd99_10pct_binary,0.5995220422852002,0.7496194423644142,4.57763671875e-05,250.96959199999998
187720,Anomaly detection,OneClassSVM,kdd99_10pct_binary,0.6205998295333476,0.7658828904937691,4.57763671875e-05,278.498152
197600,Anomaly detection,OneClassSVM,kdd99_10pct_binary,0.6395698380566801,0.7801624219451742,4.57763671875e-05,307.434129
207480,Anomaly detection,OneClassSVM,kdd99_10pct_binary,0.6567331791016001,0.7928001838647082,4.57763671875e-05,337.80756299999996
217360,Anomaly detection,OneClassSVM,kdd99_10pct_binary,0.6723362164151638,0.8040639245538403,4.57763671875e-05,369.60394599999995
227240,Anomaly detection,OneClassSVM,kdd99_10pct_binary,0.686582467875374,0.8141661730823924,4.57763671875e-05,402.945208
237120,Anomaly detection,OneClassSVM,kdd99_10pct_binary,0.6996415317139001,0.8232777765371168,4.57763671875e-05,437.61675199999996
247000,Anomaly detection,OneClassSVM,kdd99_10pct_binary,0.7116558704453442,0.8315376409450979,4.57763671875e-05,473.548619
256880,Anomaly detection,OneClassSVM,kdd99_10pct_binary,0.7227460292743694,0.8390598624729115,4.57763671875e-05,510.71696199999997
266760,Anomaly detection,OneClassSVM,kdd99_10pct_binary,0.7330146948568002,0.8459390297453336,4.57763671875e-05,549.1262469999999
276640,Anomaly detection,OneClassSVM,kdd99_10pct_binary,0.7425498843262001,0.8522542220636405,4.57763671875e-05,588.7693989999999
286520,Anomaly detection,OneClassSVM,kdd99_10pct_binary,0.7514274745218484,0.858072062987858,4.57763671875e-05,629.66127
296400,Anomaly detection,OneClassSVM,kdd99_10pct_binary,0.7597132253711201,0.8634490797992986,4.57763671875e-05,671.8077949999999
306280,Anomaly detection,OneClassSVM,kdd99_10pct_binary,0.7674644116494711,0.8684335462037089,4.57763671875e-05,715.3829239999999
316160,Anomaly detection,OneClassSVM,kdd99_10pct_binary,0.7747311487854251,0.8730669356664069,4.57763671875e-05,760.2034399999999
326040,Anomaly detection,OneClassSVM,kdd99_10pct_binary,0.7815574776101092,0.8773850781009243,4.57763671875e-05,806.2632949999999
335920,Anomaly detection,OneClassSVM,kdd99_10pct_binary,0.7879822576804001,0.8814190882284874,4.57763671875e-05,853.5653729999999
345800,Anomaly detection,OneClassSVM,kdd99_10pct_binary,0.7865413533834587,0.8805165626375904,4.57763671875e-05,902.1077979999999
355680,Anomaly detection,OneClassSVM,kdd99_10pct_binary,0.7831955690508322,0.8784161125888271,4.57763671875e-05,951.8908359999999
365560,Anomaly detection,OneClassSVM,kdd99_10pct_binary,0.7890551482656746,0.8820896731942196,4.57763671875e-05,1002.9166069999999
375440,Anomaly detection,OneClassSVM,kdd99_10pct_binary,0.7922304496057959,0.8840703558663328,4.57763671875e-05,1055.1862139999998
385320,Anomaly detection,OneClassSVM,kdd99_10pct_binary,0.797557873974878,0.8873777296516874,4.57763671875e-05,1108.6954119999998
395200,Anomaly detection,OneClassSVM,kdd99_10pct_binary,0.8026189271255061,0.8905016248236558,4.57763671875e-05,1163.449156
405080,Anomaly detection,OneClassSVM,kdd99_10pct_binary,0.8064308284783253,0.8928429399007024,4.57763671875e-05,1219.4416879999999
414960,Anomaly detection,OneClassSVM,kdd99_10pct_binary,0.8110396182764604,0.8956605398011175,4.57763671875e-05,1276.662691
424840,Anomaly detection,OneClassSVM,kdd99_10pct_binary,0.8154340457584032,0.8983337633661326,4.57763671875e-05,1335.109221
434720,Anomaly detection,OneClassSVM,kdd99_10pct_binary,0.8196287265366212,0.9008734303474379,4.57763671875e-05,1394.784383
444600,Anomaly detection,OneClassSVM,kdd99_10pct_binary,0.8236369770580297,0.9032893057170943,4.57763671875e-05,1455.682098
454480,Anomaly detection,OneClassSVM,kdd99_10pct_binary,0.8173340961098399,0.8994856719439372,4.57763671875e-05,1517.828314
464360,Anomaly detection,OneClassSVM,kdd99_10pct_binary,0.8100783874580068,0.8950742280355685,4.57763671875e-05,1581.207867
474240,Anomaly detection,OneClassSVM,kdd99_10pct_binary,0.8140350877192982,0.8974843015862314,4.57763671875e-05,1645.7949170000002
484120,Anomaly detection,OneClassSVM,kdd99_10pct_binary,0.8102784433611502,0.8951963869636755,4.57763671875e-05,1711.5872100000001
494000,Anomaly detection,OneClassSVM,kdd99_10pct_binary,0.8031336032388664,0.8908186245562668,4.57763671875e-05,1778.5948380000002
494021,Anomaly detection,OneClassSVM,kdd99_10pct_binary,0.8030994633831355,0.8907976231505941,4.57763671875e-05,1845.6052070000003
206,Anomaly detection,OneClassSVM,nab_nyc_taxi,0.0048543689320388345,0.0,4.57763671875e-05,0.05248
412,Anomaly detection,OneClassSVM,nab_nyc_taxi,0.0024271844660194173,0.0,4.57763671875e-05,0.14127800000000001
618,Anomaly detection,OneClassSVM,nab_nyc_taxi,0.0016181229773462784,0.0,4.57763671875e-05,0.261973
824,Anomaly detection,OneClassSVM,nab_nyc_taxi,0.0012135922330097086,0.0,4.57763671875e-05,0.415887
1030,Anomaly detection,OneClassSVM,nab_nyc_taxi,0.000970873786407767,0.0,4.57763671875e-05,0.592892
1236,Anomaly detection,OneClassSVM,nab_nyc_taxi,0.0008090614886731392,0.0,4.57763671875e-05,0.794886
1442,Anomaly detection,OneClassSVM,nab_nyc_taxi,0.0006934812760055479,0.0,4.57763671875e-05,1.0317509999999999
1648,Anomaly detection,OneClassSVM,nab_nyc_taxi,0.0006067961165048543,0.0,4.57763671875e-05,1.3006879999999998
1854,Anomaly detection,OneClassSVM,nab_nyc_taxi,0.0005393743257820927,0.0,4.57763671875e-05,1.594812
2060,Anomaly detection,OneClassSVM,nab_nyc_taxi,0.0004854368932038835,0.0,4.57763671875e-05,1.93485
2266,Anomaly detection,OneClassSVM,nab_nyc_taxi,0.000441306266548985,0.0,4.57763671875e-05,2.303012
2472,Anomaly detection,OneClassSVM,nab_nyc_taxi,0.0004045307443365696,0.0,4.57763671875e-05,2.7016709999999997
2678,Anomaly detection,OneClassSVM,nab_nyc_taxi,0.0003734129947722181,0.0,4.57763671875e-05,3.128503
2884,Anomaly detection,OneClassSVM,nab_nyc_taxi,0.00034674063800277393,0.0,4.57763671875e-05,3.5998949999999996
3090,Anomaly detection,OneClassSVM,nab_nyc_taxi,0.00032362459546925567,0.0,4.57763671875e-05,4.114678
3296,Anomaly detection,OneClassSVM,nab_nyc_taxi,0.00030339805825242716,0.0,4.57763671875e-05,4.690077
3502,Anomaly detection,OneClassSVM,nab_nyc_taxi,0.00028555111364934324,0.0,4.57763671875e-05,5.289791999999999
3708,Anomaly detection,OneClassSVM,nab_nyc_taxi,0.00026968716289104636,0.0,4.57763671875e-05,5.920158999999999
3914,Anomaly detection,OneClassSVM,nab_nyc_taxi,0.0002554931016862545,0.0,4.57763671875e-05,6.585385999999999
4120,Anomaly detection,OneClassSVM,nab_nyc_taxi,0.00024271844660194174,0.0,4.57763671875e-05,7.283247999999999
4326,Anomaly detection,OneClassSVM,nab_nyc_taxi,0.0002311604253351826,0.0,4.57763671875e-05,8.022002999999998
4532,Anomaly detection,OneClassSVM,nab_nyc_taxi,0.0002206531332744925,0.0,4.57763671875e-05,8.809464999999998
4738,Anomaly detection,OneClassSVM,nab_nyc_taxi,0.00021105951878429716,0.0,4.57763671875e-05,9.651404999999997
4944,Anomaly detection,OneClassSVM,nab_nyc_taxi,0.0002022653721682848,0.0,4.57763671875e-05,10.522746999999997
5150,Anomaly detection,OneClassSVM,nab_nyc_taxi,0.0001941747572815534,0.0,4.57763671875e-05,11.420753999999997
5356,Anomaly detection,OneClassSVM,nab_nyc_taxi,0.00018670649738610905,0.0,4.57763671875e-05,12.346077999999997
5562,Anomaly detection,OneClassSVM,nab_nyc_taxi,0.00017979144192736425,0.0,4.57763671875e-05,13.294251999999997
5768,Anomaly detection,OneClassSVM,nab_nyc_taxi,0.00017337031900138697,0.0,4.57763671875e-05,14.290199999999997
5974,Anomaly detection,OneClassSVM,nab_nyc_taxi,0.022765316370940744,0.04420432220039293,4.57763671875e-05,15.332185999999997
6180,Anomaly detection,OneClassSVM,nab_nyc_taxi,0.03365695792880259,0.06482931412464767,4.57763671875e-05,16.400147999999998
6386,Anomaly detection,OneClassSVM,nab_nyc_taxi,0.032571249608518635,0.06280339805825243,4.57763671875e-05,17.498306999999997
6592,Anomaly detection,OneClassSVM,nab_nyc_taxi,0.03155339805825243,0.06090026478375993,4.57763671875e-05,18.622859
6798,Anomaly detection,OneClassSVM,nab_nyc_taxi,0.030597234480729627,0.059109080525414054,4.57763671875e-05,19.787699999999997
7004,Anomaly detection,OneClassSVM,nab_nyc_taxi,0.029697315819531698,0.05742024965325936,4.57763671875e-05,20.981585999999997
7210,Anomaly detection,OneClassSVM,nab_nyc_taxi,0.04687933425797503,0.08931884442088524,4.57763671875e-05,22.198896999999995
7416,Anomaly detection,OneClassSVM,nab_nyc_taxi,0.055960086299892124,0.10576063354195939,4.57763671875e-05,23.444698999999996
7622,Anomaly detection,OneClassSVM,nab_nyc_taxi,0.05444765153503017,0.10304915992532669,4.57763671875e-05,24.723583999999995
7828,Anomaly detection,OneClassSVM,nab_nyc_taxi,0.0530148185998978,0.10047324353840552,4.57763671875e-05,26.026419999999995
8034,Anomaly detection,OneClassSVM,nab_nyc_taxi,0.0516554642768235,0.09802296673375163,4.57763671875e-05,27.368941999999993
8240,Anomaly detection,OneClassSVM,nab_nyc_taxi,0.05036407766990291,0.09568935629261528,4.57763671875e-05,28.736021999999995
8446,Anomaly detection,OneClassSVM,nab_nyc_taxi,0.05185886810324414,0.09840126097725738,4.57763671875e-05,30.132383999999995
8652,Anomaly detection,OneClassSVM,nab_nyc_taxi,0.0718908922792418,0.13395168248490077,4.57763671875e-05,31.551625999999995
8858,Anomaly detection,OneClassSVM,nab_nyc_taxi,0.0845563332580718,0.15575221238938056,4.57763671875e-05,33.00346199999999
9064,Anomaly detection,OneClassSVM,nab_nyc_taxi,0.09146072374227714,0.16742493175614195,4.57763671875e-05,34.47868299999999
9270,Anomaly detection,OneClassSVM,nab_nyc_taxi,0.08942826321467098,0.16400911161731208,4.57763671875e-05,35.98241499999999
9476,Anomaly detection,OneClassSVM,nab_nyc_taxi,0.08748417053609117,0.16072988449966027,4.57763671875e-05,37.51271599999999
9682,Anomaly detection,OneClassSVM,nab_nyc_taxi,0.08562280520553604,0.1575792178133029,4.57763671875e-05,39.071389999999994
9888,Anomaly detection,OneClassSVM,nab_nyc_taxi,0.08383899676375405,0.15454969668688753,4.57763671875e-05,40.653535999999995
10094,Anomaly detection,OneClassSVM,nab_nyc_taxi,0.09371904101446404,0.17122667149845988,4.57763671875e-05,42.258213
10300,Anomaly detection,OneClassSVM,nab_nyc_taxi,0.10058252427184466,0.18263631551085227,4.57763671875e-05,43.885956
10320,Anomaly detection,OneClassSVM,nab_nyc_taxi,0.1003875968992248,0.18231460278316014,4.57763671875e-05,45.51652
5696,Anomaly detection,PredictiveAnomalyDetection,creditcard,0.8688553370786517,0.005326231691078561,4.57763671875e-05,1.239612
11392,Anomaly detection,PredictiveAnomalyDetection,creditcard,0.918627106741573,0.07207207207207207,4.57763671875e-05,3.7607489999999997
17088,Anomaly detection,PredictiveAnomalyDetection,creditcard,0.9441128277153558,0.10328638497652583,4.57763671875e-05,7.441701999999999
22784,Anomaly detection,PredictiveAnomalyDetection,creditcard,0.957470154494382,0.10855565777368907,4.57763671875e-05,12.269583999999998
28480,Anomaly detection,PredictiveAnomalyDetection,creditcard,0.9653441011235955,0.10678733031674209,4.57763671875e-05,18.182456
34176,Anomaly detection,PredictiveAnomalyDetection,creditcard,0.9707689606741573,0.11357586512866016,4.57763671875e-05,25.189746
39872,Anomaly detection,PredictiveAnomalyDetection,creditcard,0.9748194221508828,0.11307420494699646,4.57763671875e-05,33.335032
45568,Anomaly detection,PredictiveAnomalyDetection,creditcard,0.9773964185393258,0.15016501650165018,4.57763671875e-05,42.577944
51264,Anomaly detection,PredictiveAnomalyDetection,creditcard,0.9794982833957553,0.14760746147607462,4.57763671875e-05,52.920885
56960,Anomaly detection,PredictiveAnomalyDetection,creditcard,0.9813728932584269,0.14641995172968622,4.57763671875e-05,64.40469999999999
62656,Anomaly detection,PredictiveAnomalyDetection,creditcard,0.9827311031664965,0.14398734177215192,4.57763671875e-05,77.030351
68352,Anomaly detection,PredictiveAnomalyDetection,creditcard,0.9840238764044944,0.14553990610328638,4.57763671875e-05,90.77005299999999
74048,Anomaly detection,PredictiveAnomalyDetection,creditcard,0.9849962186689715,0.1447267128560431,4.57763671875e-05,105.66697699999999
79744,Anomaly detection,PredictiveAnomalyDetection,creditcard,0.9858296548956661,0.14652567975830816,4.57763671875e-05,121.71944599999999
85440,Anomaly detection,PredictiveAnomalyDetection,creditcard,0.9866455992509363,0.1453183520599251,4.57763671875e-05,138.875194
91136,Anomaly detection,PredictiveAnomalyDetection,creditcard,0.9873814957865169,0.14561664190193166,4.57763671875e-05,157.13239299999998
96832,Anomaly detection,PredictiveAnomalyDetection,creditcard,0.9878862359550562,0.1431701972242513,4.57763671875e-05,176.489423
102528,Anomaly detection,PredictiveAnomalyDetection,creditcard,0.9884811953807741,0.146059291395517,4.57763671875e-05,196.96638
108224,Anomaly detection,PredictiveAnomalyDetection,creditcard,0.9890227675931401,0.14532374100719425,4.57763671875e-05,218.569762
113920,Anomaly detection,PredictiveAnomalyDetection,creditcard,0.9895365168539326,0.14490674318507893,4.57763671875e-05,241.261193
119616,Anomaly detection,PredictiveAnomalyDetection,creditcard,0.9899762573568753,0.14418272662384013,4.57763671875e-05,265.090384
125312,Anomaly detection,PredictiveAnomalyDetection,creditcard,0.9903281409601634,0.1440677966101695,4.57763671875e-05,290.03221799999994
131008,Anomaly detection,PredictiveAnomalyDetection,creditcard,0.9907333903273082,0.14386459802538787,4.57763671875e-05,316.10484399999996
136704,Anomaly detection,PredictiveAnomalyDetection,creditcard,0.9911048689138576,0.14366197183098592,4.57763671875e-05,343.280675
142400,Anomaly detection,PredictiveAnomalyDetection,creditcard,0.9914185393258427,0.1466480446927374,4.57763671875e-05,371.621835
148096,Anomaly detection,PredictiveAnomalyDetection,creditcard,0.9916608146067416,0.15003441156228492,4.57763671875e-05,401.064822
153792,Anomaly detection,PredictiveAnomalyDetection,creditcard,0.9918071161048689,0.17214191852825228,4.57763671875e-05,431.629372
159488,Anomaly detection,PredictiveAnomalyDetection,creditcard,0.9919868579454254,0.18076923076923077,4.57763671875e-05,463.296579
165184,Anomaly detection,PredictiveAnomalyDetection,creditcard,0.9922510654784967,0.1805377720870679,4.57763671875e-05,496.148015
170880,Anomaly detection,PredictiveAnomalyDetection,creditcard,0.9924508426966292,0.17938931297709923,4.57763671875e-05,530.094339
176576,Anomaly detection,PredictiveAnomalyDetection,creditcard,0.992637731061979,0.17825537294563845,4.57763671875e-05,565.089373
182272,Anomaly detection,PredictiveAnomalyDetection,creditcard,0.9928403704353933,0.17769376181474483,4.57763671875e-05,601.051151
187968,Anomaly detection,PredictiveAnomalyDetection,creditcard,0.9930200885257066,0.17691342534504392,4.57763671875e-05,637.973555
193664,Anomaly detection,PredictiveAnomalyDetection,creditcard,0.9931479263053536,0.1752641392169049,4.57763671875e-05,675.855004
199360,Anomaly detection,PredictiveAnomalyDetection,creditcard,0.9933085874799358,0.17450495049504952,4.57763671875e-05,714.6855370000001
205056,Anomaly detection,PredictiveAnomalyDetection,creditcard,0.9934115558676654,0.1726883037354562,4.57763671875e-05,754.4874820000001
210752,Anomaly detection,PredictiveAnomalyDetection,creditcard,0.9935611524445794,0.1720561317876754,4.57763671875e-05,795.2507230000001
216448,Anomaly detection,PredictiveAnomalyDetection,creditcard,0.9936566750443524,0.170392749244713,4.57763671875e-05,836.9854080000001
222144,Anomaly detection,PredictiveAnomalyDetection,creditcard,0.9937202895419187,0.16815742397137748,4.57763671875e-05,879.6917380000001
227840,Anomaly detection,PredictiveAnomalyDetection,creditcard,0.9938377808988764,0.16725978647686832,4.57763671875e-05,923.5762480000001
233536,Anomaly detection,PredictiveAnomalyDetection,creditcard,0.9939110030145245,0.16549295774647887,4.57763671875e-05,968.42519
239232,Anomaly detection,PredictiveAnomalyDetection,creditcard,0.9939974585339754,0.1641443538998836,4.57763671875e-05,1014.242472
244928,Anomaly detection,PredictiveAnomalyDetection,creditcard,0.9940758100339692,0.16272360069244082,4.57763671875e-05,1061.026217
250624,Anomaly detection,PredictiveAnomalyDetection,creditcard,0.9941625702247191,0.1616045845272206,4.57763671875e-05,1108.7794900000001
256320,Anomaly detection,PredictiveAnomalyDetection,creditcard,0.9942337702871411,0.16022727272727272,4.57763671875e-05,1157.4966390000002
262016,Anomaly detection,PredictiveAnomalyDetection,creditcard,0.9943362237420615,0.15968289920724804,4.57763671875e-05,1207.1790030000002
267712,Anomaly detection,PredictiveAnomalyDetection,creditcard,0.9944193760459,0.1587837837837838,4.57763671875e-05,1257.8281940000002
273408,Anomaly detection,PredictiveAnomalyDetection,creditcard,0.9945210088951311,0.15842696629213485,4.57763671875e-05,1309.4472650000002
279104,Anomaly detection,PredictiveAnomalyDetection,creditcard,0.9945611671634946,0.15666666666666668,4.57763671875e-05,1362.0286050000002
284800,Anomaly detection,PredictiveAnomalyDetection,creditcard,0.9946523876404494,0.1562326869806094,4.57763671875e-05,1415.577766
284807,Anomaly detection,PredictiveAnomalyDetection,creditcard,0.9946525190743205,0.1562326869806094,4.57763671875e-05,1469.128441
9880,Anomaly detection,PredictiveAnomalyDetection,kdd99_10pct_binary,0.7069838056680162,0.004812650395324854,4.57763671875e-05,2.279871
19760,Anomaly detection,PredictiveAnomalyDetection,kdd99_10pct_binary,0.7660931174089068,0.006021505376344086,4.57763671875e-05,6.661367
29640,Anomaly detection,PredictiveAnomalyDetection,kdd99_10pct_binary,0.8389338731443995,0.014857614527445315,4.57763671875e-05,13.084254000000001
39520,Anomaly detection,PredictiveAnomalyDetection,kdd99_10pct_binary,0.8788461538461538,0.014814814814814815,4.57763671875e-05,21.509995000000004
49400,Anomaly detection,PredictiveAnomalyDetection,kdd99_10pct_binary,0.7521862348178138,0.006008444300097434,4.57763671875e-05,31.901031000000003
59280,Anomaly detection,PredictiveAnomalyDetection,kdd99_10pct_binary,0.6492914979757085,0.0035467791411042944,4.57763671875e-05,44.292732
69160,Anomaly detection,PredictiveAnomalyDetection,kdd99_10pct_binary,0.5565355696934644,0.0024069737184491285,4.57763671875e-05,58.696783
79040,Anomaly detection,PredictiveAnomalyDetection,kdd99_10pct_binary,0.5480263157894737,0.0020671545896418795,4.57763671875e-05,75.19510100000001
88920,Anomaly detection,PredictiveAnomalyDetection,kdd99_10pct_binary,0.5936009896536212,0.002043577918312115,4.57763671875e-05,93.71589700000001
98800,Anomaly detection,PredictiveAnomalyDetection,kdd99_10pct_binary,0.5610222672064777,0.0017033030268155138,4.57763671875e-05,114.25932900000001
108680,Anomaly detection,PredictiveAnomalyDetection,kdd99_10pct_binary,0.5512697828487302,0.0015150894721755869,4.57763671875e-05,136.803934
118560,Anomaly detection,PredictiveAnomalyDetection,kdd99_10pct_binary,0.5053306342780027,0.0012601750621572835,4.57763671875e-05,161.368742
128440,Anomaly detection,PredictiveAnomalyDetection,kdd99_10pct_binary,0.46645904702584867,0.001078685752601965,4.57763671875e-05,187.972321
138320,Anomaly detection,PredictiveAnomalyDetection,kdd99_10pct_binary,0.44659485251590514,0.0009657926678064761,4.57763671875e-05,216.628848
148200,Anomaly detection,PredictiveAnomalyDetection,kdd99_10pct_binary,0.4675101214574899,0.000936839306738913,4.57763671875e-05,247.30015600000002
158080,Anomaly detection,PredictiveAnomalyDetection,kdd99_10pct_binary,0.4454516700404858,0.000843429795867194,4.57763671875e-05,280.057392
167960,Anomaly detection,PredictiveAnomalyDetection,kdd99_10pct_binary,0.4192486306263396,0.0007580646813567308,4.57763671875e-05,314.810245
177840,Anomaly detection,PredictiveAnomalyDetection,kdd99_10pct_binary,0.3959570400359874,0.0006883913039433659,4.57763671875e-05,351.304642
187720,Anomaly detection,PredictiveAnomalyDetection,kdd99_10pct_binary,0.375117195823567,0.000630447191528153,4.57763671875e-05,389.529685
197600,Anomaly detection,PredictiveAnomalyDetection,kdd99_10pct_binary,0.3563613360323887,0.0005815004282672074,4.57763671875e-05,429.503628
207480,Anomaly detection,PredictiveAnomalyDetection,kdd99_10pct_binary,0.33939174860227495,0.0005396063790224373,4.57763671875e-05,471.243131
217360,Anomaly detection,PredictiveAnomalyDetection,kdd99_10pct_binary,0.32396485093853516,0.0005033431507920853,4.57763671875e-05,514.928527
227240,Anomaly detection,PredictiveAnomalyDetection,kdd99_10pct_binary,0.3098794226368597,0.0004716470040854828,4.57763671875e-05,560.365997
237120,Anomaly detection,PredictiveAnomalyDetection,kdd99_10pct_binary,0.29696778002699054,0.000443706266451609,4.57763671875e-05,607.553344
247000,Anomaly detection,PredictiveAnomalyDetection,kdd99_10pct_binary,0.28508906882591095,0.0004188908449707625,4.57763671875e-05,656.495316
256880,Anomaly detection,PredictiveAnomalyDetection,kdd99_10pct_binary,0.27412410464029896,0.0003967041391252138,4.57763671875e-05,707.190907
266760,Anomaly detection,PredictiveAnomalyDetection,kdd99_10pct_binary,0.26397136002399163,0.0003767494666958563,4.57763671875e-05,759.6474330000001
276640,Anomaly detection,PredictiveAnomalyDetection,kdd99_10pct_binary,0.2545438114517062,0.0003587061372681134,4.57763671875e-05,813.8565480000001
286520,Anomaly detection,PredictiveAnomalyDetection,kdd99_10pct_binary,0.24576643864302666,0.0003423120868547533,4.57763671875e-05,869.8204460000001
296400,Anomaly detection,PredictiveAnomalyDetection,kdd99_10pct_binary,0.23757422402159245,0.00032735106632398025,4.57763671875e-05,927.5243820000001
306280,Anomaly detection,PredictiveAnomalyDetection,kdd99_10pct_binary,0.22991053937573463,0.0003136430487799709,4.57763671875e-05,986.959771
316160,Anomaly detection,PredictiveAnomalyDetection,kdd99_10pct_binary,0.2227258350202429,0.00030103695025160995,4.57763671875e-05,1048.129529
326040,Anomaly detection,PredictiveAnomalyDetection,kdd99_10pct_binary,0.21597656729235676,0.0002894050379941885,4.57763671875e-05,1111.0498010000001
335920,Anomaly detection,PredictiveAnomalyDetection,kdd99_10pct_binary,0.2096243153131698,0.00027863858692582565,4.57763671875e-05,1175.689313
345800,Anomaly detection,PredictiveAnomalyDetection,kdd99_10pct_binary,0.2111364950838635,0.0002711983669460499,4.57763671875e-05,1242.043846
355680,Anomaly detection,PredictiveAnomalyDetection,kdd99_10pct_binary,0.21454678362573099,0.00026481155437225345,4.57763671875e-05,1310.0861830000001
365560,Anomaly detection,PredictiveAnomalyDetection,kdd99_10pct_binary,0.20874822190611664,0.0002557686192642159,4.57763671875e-05,1379.7914730000002
375440,Anomaly detection,PredictiveAnomalyDetection,kdd99_10pct_binary,0.2056307266141061,0.0002480624312800022,4.57763671875e-05,1451.16377
385320,Anomaly detection,PredictiveAnomalyDetection,kdd99_10pct_binary,0.2003581438804111,0.00024011006126051294,4.57763671875e-05,1524.214678
395200,Anomaly detection,PredictiveAnomalyDetection,kdd99_10pct_binary,0.1953491902834008,0.00023265172665308485,4.57763671875e-05,1598.929533
405080,Anomaly detection,PredictiveAnomalyDetection,kdd99_10pct_binary,0.1915868470425595,0.00022592246585212457,4.57763671875e-05,1675.307452
414960,Anomaly detection,PredictiveAnomalyDetection,kdd99_10pct_binary,0.18702525544630808,0.00021930734442514804,4.57763671875e-05,1753.347118
424840,Anomaly detection,PredictiveAnomalyDetection,kdd99_10pct_binary,0.1826758309010451,0.00021306859081040924,4.57763671875e-05,1833.0462349999998
434720,Anomaly detection,PredictiveAnomalyDetection,kdd99_10pct_binary,0.1785241074714759,0.00020717497326322982,4.57763671875e-05,1914.4123029999998
444600,Anomaly detection,PredictiveAnomalyDetection,kdd99_10pct_binary,0.17455690508322086,0.0002015986225910327,4.57763671875e-05,1997.4932849999998
454480,Anomaly detection,PredictiveAnomalyDetection,kdd99_10pct_binary,0.18089904946312269,0.0001987436180469948,4.57763671875e-05,2082.238836
464360,Anomaly detection,PredictiveAnomalyDetection,kdd99_10pct_binary,0.18819235076233956,0.00019626304552506998,4.57763671875e-05,2168.64946
474240,Anomaly detection,PredictiveAnomalyDetection,kdd99_10pct_binary,0.18427167678812414,0.00019125153453511664,4.57763671875e-05,2256.741405
484120,Anomaly detection,PredictiveAnomalyDetection,kdd99_10pct_binary,0.18806287697265142,0.00018822380318912172,4.57763671875e-05,2346.5043790000004
494000,Anomaly detection,PredictiveAnomalyDetection,kdd99_10pct_binary,0.19524089068825912,0.00018610499842816727,4.57763671875e-05,2437.9298620000004
494021,Anomaly detection,PredictiveAnomalyDetection,kdd99_10pct_binary,0.1952750996415132,0.00018610499842816727,4.57763671875e-05,2529.3590130000002
206,Anomaly detection,PredictiveAnomalyDetection,nab_nyc_taxi,0.0,0.0,4.57763671875e-05,0.052814
412,Anomaly detection,PredictiveAnomalyDetection,nab_nyc_taxi,0.0,0.0,4.57763671875e-05,0.143841
618,Anomaly detection,PredictiveAnomalyDetection,nab_nyc_taxi,0.0,0.0,4.57763671875e-05,0.27221300000000004
824,Anomaly detection,PredictiveAnomalyDetection,nab_nyc_taxi,0.0,0.0,4.57763671875e-05,0.43673400000000007
1030,Anomaly detection,PredictiveAnomalyDetection,nab_nyc_taxi,0.0,0.0,4.57763671875e-05,0.6384200000000001
1236,Anomaly detection,PredictiveAnomalyDetection,nab_nyc_taxi,0.0,0.0,4.57763671875e-05,0.8738940000000001
1442,Anomaly detection,PredictiveAnomalyDetection,nab_nyc_taxi,0.0,0.0,4.57763671875e-05,1.148653
1648,Anomaly detection,PredictiveAnomalyDetection,nab_nyc_taxi,0.0,0.0,4.57763671875e-05,1.457115
1854,Anomaly detection,PredictiveAnomalyDetection,nab_nyc_taxi,0.0,0.0,4.57763671875e-05,1.7944369999999998
2060,Anomaly detection,PredictiveAnomalyDetection,nab_nyc_taxi,0.0,0.0,4.57763671875e-05,2.1591129999999996
2266,Anomaly detection,PredictiveAnomalyDetection,nab_nyc_taxi,0.0,0.0,4.57763671875e-05,2.555077
2472,Anomaly detection,PredictiveAnomalyDetection,nab_nyc_taxi,0.0,0.0,4.57763671875e-05,2.982518
2678,Anomaly detection,PredictiveAnomalyDetection,nab_nyc_taxi,0.0,0.0,4.57763671875e-05,3.4351779999999996
2884,Anomaly detection,PredictiveAnomalyDetection,nab_nyc_taxi,0.0,0.0,4.57763671875e-05,3.9270349999999996
3090,Anomaly detection,PredictiveAnomalyDetection,nab_nyc_taxi,0.0,0.0,4.57763671875e-05,4.444183
3296,Anomaly detection,PredictiveAnomalyDetection,nab_nyc_taxi,0.0,0.0,4.57763671875e-05,4.988023
3502,Anomaly detection,PredictiveAnomalyDetection,nab_nyc_taxi,0.0,0.0,4.57763671875e-05,5.559573
3708,Anomaly detection,PredictiveAnomalyDetection,nab_nyc_taxi,0.0,0.0,4.57763671875e-05,6.1688410000000005
3914,Anomaly detection,PredictiveAnomalyDetection,nab_nyc_taxi,0.0,0.0,4.57763671875e-05,6.809894000000001
4120,Anomaly detection,PredictiveAnomalyDetection,nab_nyc_taxi,0.0,0.0,4.57763671875e-05,7.478891000000001
4326,Anomaly detection,PredictiveAnomalyDetection,nab_nyc_taxi,0.0,0.0,4.57763671875e-05,8.190172
4532,Anomaly detection,PredictiveAnomalyDetection,nab_nyc_taxi,0.0,0.0,4.57763671875e-05,8.932934000000001
4738,Anomaly detection,PredictiveAnomalyDetection,nab_nyc_taxi,0.0,0.0,4.57763671875e-05,9.701781
4944,Anomaly detection,PredictiveAnomalyDetection,nab_nyc_taxi,0.0,0.0,4.57763671875e-05,10.503431
5150,Anomaly detection,PredictiveAnomalyDetection,nab_nyc_taxi,0.0,0.0,4.57763671875e-05,11.33595
5356,Anomaly detection,PredictiveAnomalyDetection,nab_nyc_taxi,0.0,0.0,4.57763671875e-05,12.204434000000001
5562,Anomaly detection,PredictiveAnomalyDetection,nab_nyc_taxi,0.0,0.0,4.57763671875e-05,13.107905
5768,Anomaly detection,PredictiveAnomalyDetection,nab_nyc_taxi,0.0,0.0,4.57763671875e-05,14.050419
5974,Anomaly detection,PredictiveAnomalyDetection,nab_nyc_taxi,0.01088048208905256,0.021526742838218246,4.57763671875e-05,15.030451
6180,Anomaly detection,PredictiveAnomalyDetection,nab_nyc_taxi,0.02330097087378641,0.02108336036328252,4.57763671875e-05,16.036207
6386,Anomaly detection,PredictiveAnomalyDetection,nab_nyc_taxi,0.0548073911681804,0.02108336036328252,4.57763671875e-05,17.079819
6592,Anomaly detection,PredictiveAnomalyDetection,nab_nyc_taxi,0.08434466019417476,0.02108336036328252,4.57763671875e-05,18.157091
6798,Anomaly detection,PredictiveAnomalyDetection,nab_nyc_taxi,0.11209179170344219,0.02108336036328252,4.57763671875e-05,19.271777
7004,Anomaly detection,PredictiveAnomalyDetection,nab_nyc_taxi,0.13820673900628214,0.02108336036328252,4.57763671875e-05,20.422512
7210,Anomaly detection,PredictiveAnomalyDetection,nab_nyc_taxi,0.1524271844660194,0.037789324515824285,4.57763671875e-05,21.600027
7416,Anomaly detection,PredictiveAnomalyDetection,nab_nyc_taxi,0.15884573894282633,0.03704847175054029,4.57763671875e-05,22.80864
7622,Anomaly detection,PredictiveAnomalyDetection,nab_nyc_taxi,0.1815796378903175,0.03704847175054029,4.57763671875e-05,24.056463
7828,Anomaly detection,PredictiveAnomalyDetection,nab_nyc_taxi,0.20311701584057232,0.03704847175054029,4.57763671875e-05,25.331524
8034,Anomaly detection,PredictiveAnomalyDetection,nab_nyc_taxi,0.2235499128703012,0.03704847175054029,4.57763671875e-05,26.647649
8240,Anomaly detection,PredictiveAnomalyDetection,nab_nyc_taxi,0.24296116504854368,0.03704847175054029,4.57763671875e-05,27.993298000000003
8446,Anomaly detection,PredictiveAnomalyDetection,nab_nyc_taxi,0.261425526876628,0.04383813611281422,4.57763671875e-05,29.37177
8652,Anomaly detection,PredictiveAnomalyDetection,nab_nyc_taxi,0.25820619509939896,0.05002960331557134,4.57763671875e-05,30.782877000000003
8858,Anomaly detection,PredictiveAnomalyDetection,nab_nyc_taxi,0.2633777376382931,0.061826024442846864,4.57763671875e-05,32.232053
9064,Anomaly detection,PredictiveAnomalyDetection,nab_nyc_taxi,0.2662180052956752,0.060725886174269175,4.57763671875e-05,33.711706
9270,Anomaly detection,PredictiveAnomalyDetection,nab_nyc_taxi,0.28252427184466017,0.060725886174269175,4.57763671875e-05,35.220679
9476,Anomaly detection,PredictiveAnomalyDetection,nab_nyc_taxi,0.29812157028281977,0.060725886174269175,4.57763671875e-05,36.756522999999994
9682,Anomaly detection,PredictiveAnomalyDetection,nab_nyc_taxi,0.3130551538938236,0.060725886174269175,4.57763671875e-05,38.324749
9888,Anomaly detection,PredictiveAnomalyDetection,nab_nyc_taxi,0.3273665048543689,0.060725886174269175,4.57763671875e-05,39.928087999999995
10094,Anomaly detection,PredictiveAnomalyDetection,nab_nyc_taxi,0.33386170001981375,0.07152720243026787,4.57763671875e-05,41.57787
10300,Anomaly detection,PredictiveAnomalyDetection,nab_nyc_taxi,0.33436893203883494,0.07024681312720368,4.57763671875e-05,43.259148999999994
10320,Anomaly detection,PredictiveAnomalyDetection,nab_nyc_taxi,0.33565891472868215,0.07024681312720368,4.57763671875e-05,44.94292699999999
5696,Anomaly detection,StandardAbsoluteDeviation,creditcard,1.0,1.0,4.57763671875e-05,0.74219
11392,Anomaly detection,StandardAbsoluteDeviation,creditcard,1.0,1.0,4.57763671875e-05,2.227003
17088,Anomaly detection,StandardAbsoluteDeviation,creditcard,1.0,1.0,4.57763671875e-05,4.3676449999999996
22784,Anomaly detection,StandardAbsoluteDeviation,creditcard,1.0,1.0,4.57763671875e-05,7.156645999999999
28480,Anomaly detection,StandardAbsoluteDeviation,creditcard,1.0,1.0,4.57763671875e-05,10.593226
34176,Anomaly detection,StandardAbsoluteDeviation,creditcard,1.0,1.0,4.57763671875e-05,14.69632
39872,Anomaly detection,StandardAbsoluteDeviation,creditcard,1.0,1.0,4.57763671875e-05,19.470317
45568,Anomaly detection,StandardAbsoluteDeviation,creditcard,1.0,1.0,4.57763671875e-05,24.929746
51264,Anomaly detection,StandardAbsoluteDeviation,creditcard,1.0,1.0,4.57763671875e-05,31.043805000000003
56960,Anomaly detection,StandardAbsoluteDeviation,creditcard,1.0,1.0,4.57763671875e-05,37.811613
62656,Anomaly detection,StandardAbsoluteDeviation,creditcard,1.0,1.0,4.57763671875e-05,45.23504
68352,Anomaly detection,StandardAbsoluteDeviation,creditcard,1.0,1.0,4.57763671875e-05,53.291338999999994
74048,Anomaly detection,StandardAbsoluteDeviation,creditcard,1.0,1.0,4.57763671875e-05,62.022161
79744,Anomaly detection,StandardAbsoluteDeviation,creditcard,1.0,1.0,4.57763671875e-05,71.42357799999999
85440,Anomaly detection,StandardAbsoluteDeviation,creditcard,1.0,1.0,4.57763671875e-05,81.44384699999999
91136,Anomaly detection,StandardAbsoluteDeviation,creditcard,1.0,1.0,4.57763671875e-05,92.15087799999999
96832,Anomaly detection,StandardAbsoluteDeviation,creditcard,1.0,1.0,4.57763671875e-05,103.50268899999999
102528,Anomaly detection,StandardAbsoluteDeviation,creditcard,1.0,1.0,4.57763671875e-05,115.54053099999999
108224,Anomaly detection,StandardAbsoluteDeviation,creditcard,1.0,1.0,4.57763671875e-05,128.232545
113920,Anomaly detection,StandardAbsoluteDeviation,creditcard,1.0,1.0,4.57763671875e-05,141.560726
119616,Anomaly detection,StandardAbsoluteDeviation,creditcard,1.0,1.0,4.57763671875e-05,155.61920999999998
125312,Anomaly detection,StandardAbsoluteDeviation,creditcard,1.0,1.0,4.57763671875e-05,170.326554
131008,Anomaly detection,StandardAbsoluteDeviation,creditcard,1.0,1.0,4.57763671875e-05,185.69552199999998
136704,Anomaly detection,StandardAbsoluteDeviation,creditcard,1.0,1.0,4.57763671875e-05,201.74675499999998
142400,Anomaly detection,StandardAbsoluteDeviation,creditcard,1.0,1.0,4.57763671875e-05,218.45906699999998
148096,Anomaly detection,StandardAbsoluteDeviation,creditcard,1.0,1.0,4.57763671875e-05,235.83006299999997
153792,Anomaly detection,StandardAbsoluteDeviation,creditcard,1.0,1.0,4.57763671875e-05,253.89886799999996
159488,Anomaly detection,StandardAbsoluteDeviation,creditcard,1.0,1.0,4.57763671875e-05,272.62913499999996
165184,Anomaly detection,StandardAbsoluteDeviation,creditcard,1.0,1.0,4.57763671875e-05,292.028101
170880,Anomaly detection,StandardAbsoluteDeviation,creditcard,1.0,1.0,4.57763671875e-05,312.10162099999997
176576,Anomaly detection,StandardAbsoluteDeviation,creditcard,1.0,1.0,4.57763671875e-05,332.847182
182272,Anomaly detection,StandardAbsoluteDeviation,creditcard,1.0,1.0,4.57763671875e-05,354.25510199999997
187968,Anomaly detection,StandardAbsoluteDeviation,creditcard,1.0,1.0,4.57763671875e-05,376.34516399999995
193664,Anomaly detection,StandardAbsoluteDeviation,creditcard,1.0,1.0,4.57763671875e-05,399.11124799999993
199360,Anomaly detection,StandardAbsoluteDeviation,creditcard,1.0,1.0,4.57763671875e-05,422.52933499999995
205056,Anomaly detection,StandardAbsoluteDeviation,creditcard,1.0,1.0,4.57763671875e-05,446.61511599999994
210752,Anomaly detection,StandardAbsoluteDeviation,creditcard,1.0,1.0,4.57763671875e-05,471.35590899999994
216448,Anomaly detection,StandardAbsoluteDeviation,creditcard,1.0,1.0,4.57763671875e-05,496.73059599999993
222144,Anomaly detection,StandardAbsoluteDeviation,creditcard,1.0,1.0,4.57763671875e-05,522.749299
227840,Anomaly detection,StandardAbsoluteDeviation,creditcard,1.0,1.0,4.57763671875e-05,549.432859
233536,Anomaly detection,StandardAbsoluteDeviation,creditcard,1.0,1.0,4.57763671875e-05,576.796051
239232,Anomaly detection,StandardAbsoluteDeviation,creditcard,1.0,1.0,4.57763671875e-05,604.817767
244928,Anomaly detection,StandardAbsoluteDeviation,creditcard,1.0,1.0,4.57763671875e-05,633.512557
250624,Anomaly detection,StandardAbsoluteDeviation,creditcard,1.0,1.0,4.57763671875e-05,662.862756
256320,Anomaly detection,StandardAbsoluteDeviation,creditcard,1.0,1.0,4.57763671875e-05,692.882557
262016,Anomaly detection,StandardAbsoluteDeviation,creditcard,1.0,1.0,4.57763671875e-05,723.591091
267712,Anomaly detection,StandardAbsoluteDeviation,creditcard,1.0,1.0,4.57763671875e-05,755.024077
273408,Anomaly detection,StandardAbsoluteDeviation,creditcard,1.0,1.0,4.57763671875e-05,787.136793
279104,Anomaly detection,StandardAbsoluteDeviation,creditcard,1.0,1.0,4.57763671875e-05,819.893414
284800,Anomaly detection,StandardAbsoluteDeviation,creditcard,1.0,1.0,4.57763671875e-05,853.2866730000001
284807,Anomaly detection,StandardAbsoluteDeviation,creditcard,1.0,1.0,4.57763671875e-05,886.6807880000001
9880,Anomaly detection,StandardAbsoluteDeviation,kdd99_10pct_binary,1.0,1.0,4.57763671875e-05,1.291395
19760,Anomaly detection,StandardAbsoluteDeviation,kdd99_10pct_binary,0.6406376518218624,0.5183476904293564,4.57763671875e-05,3.7648550000000003
29640,Anomaly detection,StandardAbsoluteDeviation,kdd99_10pct_binary,0.7604251012145749,0.5287676687238702,4.57763671875e-05,7.378223
39520,Anomaly detection,StandardAbsoluteDeviation,kdd99_10pct_binary,0.8203188259109312,0.528830203702475,4.57763671875e-05,12.136928000000001
49400,Anomaly detection,StandardAbsoluteDeviation,kdd99_10pct_binary,0.8562550607287449,0.7630551569955621,4.57763671875e-05,18.087964
59280,Anomaly detection,StandardAbsoluteDeviation,kdd99_10pct_binary,0.8577429149797571,0.825753662417092,4.57763671875e-05,25.205885
69160,Anomaly detection,StandardAbsoluteDeviation,kdd99_10pct_binary,0.8780653556969347,0.8762709626303975,4.57763671875e-05,33.531847
79040,Anomaly detection,StandardAbsoluteDeviation,kdd99_10pct_binary,0.8322494939271255,0.8404279645208266,4.57763671875e-05,43.043417
88920,Anomaly detection,StandardAbsoluteDeviation,kdd99_10pct_binary,0.7444219523166892,0.7566392529769553,4.57763671875e-05,53.73019
98800,Anomaly detection,StandardAbsoluteDeviation,kdd99_10pct_binary,0.7431983805668017,0.770384984343608,4.57763671875e-05,65.547393
108680,Anomaly detection,StandardAbsoluteDeviation,kdd99_10pct_binary,0.7252944423997055,0.7626316835619161,4.57763671875e-05,78.53982500000001
118560,Anomaly detection,StandardAbsoluteDeviation,kdd99_10pct_binary,0.7481865721997301,0.7948603428728485,4.57763671875e-05,92.73141100000001
128440,Anomaly detection,StandardAbsoluteDeviation,kdd99_10pct_binary,0.7675568358766739,0.8193835264224568,4.57763671875e-05,108.037254
138320,Anomaly detection,StandardAbsoluteDeviation,kdd99_10pct_binary,0.7707056101792944,0.826872059128574,4.57763671875e-05,124.504616
148200,Anomaly detection,StandardAbsoluteDeviation,kdd99_10pct_binary,0.7353036437246964,0.7992857215951535,4.57763671875e-05,142.144111
158080,Anomaly detection,StandardAbsoluteDeviation,kdd99_10pct_binary,0.7446862348178138,0.8114635399635632,4.57763671875e-05,160.90971000000002
167960,Anomaly detection,StandardAbsoluteDeviation,kdd99_10pct_binary,0.7597046915932365,0.827395971432237,4.57763671875e-05,180.78947300000002
177840,Anomaly detection,StandardAbsoluteDeviation,kdd99_10pct_binary,0.7730544309491678,0.8408454592058047,4.57763671875e-05,201.84225
187720,Anomaly detection,StandardAbsoluteDeviation,kdd99_10pct_binary,0.7849989345834221,0.8523504664349735,4.57763671875e-05,224.100399
197600,Anomaly detection,StandardAbsoluteDeviation,kdd99_10pct_binary,0.795748987854251,0.8623042543754904,4.57763671875e-05,247.578515
207480,Anomaly detection,StandardAbsoluteDeviation,kdd99_10pct_binary,0.8054752265278581,0.8710007351296066,4.57763671875e-05,272.190813
217360,Anomaly detection,StandardAbsoluteDeviation,kdd99_10pct_binary,0.8143172616856827,0.8786639809999098,4.57763671875e-05,297.972938
227240,Anomaly detection,StandardAbsoluteDeviation,kdd99_10pct_binary,0.8223904242210879,0.8854678055563439,4.57763671875e-05,324.961339
237120,Anomaly detection,StandardAbsoluteDeviation,kdd99_10pct_binary,0.8297908232118758,0.8915491065430606,4.57763671875e-05,353.06994100000003
247000,Anomaly detection,StandardAbsoluteDeviation,kdd99_10pct_binary,0.8365991902834008,0.897017172309969,4.57763671875e-05,382.34696900000006
256880,Anomaly detection,StandardAbsoluteDeviation,kdd99_10pct_binary,0.8428838368109624,0.9019603080137003,4.57763671875e-05,412.76717900000006
266760,Anomaly detection,StandardAbsoluteDeviation,kdd99_10pct_binary,0.8487029539661118,0.9064506408919176,4.57763671875e-05,444.50431000000003
276640,Anomaly detection,StandardAbsoluteDeviation,kdd99_10pct_binary,0.8541064198958935,0.9105476628471375,4.57763671875e-05,477.32300100000003
286520,Anomaly detection,StandardAbsoluteDeviation,kdd99_10pct_binary,0.8591372330029318,0.9143008811975795,4.57763671875e-05,511.180742
296400,Anomaly detection,StandardAbsoluteDeviation,kdd99_10pct_binary,0.8638326585695006,0.9177518289824947,4.57763671875e-05,546.046024
306280,Anomaly detection,StandardAbsoluteDeviation,kdd99_10pct_binary,0.8682251534543555,0.9209356083609224,4.57763671875e-05,581.939712
316160,Anomaly detection,StandardAbsoluteDeviation,kdd99_10pct_binary,0.8723431174089069,0.9238820889048149,4.57763671875e-05,618.835869
326040,Anomaly detection,StandardAbsoluteDeviation,kdd99_10pct_binary,0.8762115077904552,0.9266168475790469,4.57763671875e-05,656.741778
335920,Anomaly detection,StandardAbsoluteDeviation,kdd99_10pct_binary,0.8798523457966182,0.9291619131197895,4.57763671875e-05,695.665984
345800,Anomaly detection,StandardAbsoluteDeviation,kdd99_10pct_binary,0.8757836899942163,0.9268140585705621,4.57763671875e-05,735.6139509999999
355680,Anomaly detection,StandardAbsoluteDeviation,kdd99_10pct_binary,0.8699589518668466,0.9233431171556091,4.57763671875e-05,776.582957
365560,Anomaly detection,StandardAbsoluteDeviation,kdd99_10pct_binary,0.8734735747893643,0.9257739469811614,4.57763671875e-05,818.777163
375440,Anomaly detection,StandardAbsoluteDeviation,kdd99_10pct_binary,0.8744273385893885,0.9265659924766941,4.57763671875e-05,861.991711
385320,Anomaly detection,StandardAbsoluteDeviation,kdd99_10pct_binary,0.8776471504204297,0.9287586983294674,4.57763671875e-05,906.220128
395200,Anomaly detection,StandardAbsoluteDeviation,kdd99_10pct_binary,0.8676745951417004,0.9226834226575494,4.57763671875e-05,951.469313
405080,Anomaly detection,StandardAbsoluteDeviation,kdd99_10pct_binary,0.8465118001382443,0.909399567216268,4.57763671875e-05,997.7408230000001
414960,Anomaly detection,StandardAbsoluteDeviation,kdd99_10pct_binary,0.8263567572778099,0.8964927779812824,4.57763671875e-05,1045.029162
424840,Anomaly detection,StandardAbsoluteDeviation,kdd99_10pct_binary,0.8071391582713492,0.8839472249173176,4.57763671875e-05,1093.3347880000001
434720,Anomaly detection,StandardAbsoluteDeviation,kdd99_10pct_binary,0.7887950864924549,0.8717479518644493,4.57763671875e-05,1142.650626
444600,Anomaly detection,StandardAbsoluteDeviation,kdd99_10pct_binary,0.7712663067926225,0.859880817057628,4.57763671875e-05,1192.9948740000002
454480,Anomaly detection,StandardAbsoluteDeviation,kdd99_10pct_binary,0.7544996479493047,0.848332438439214,4.57763671875e-05,1244.3600600000002
464360,Anomaly detection,StandardAbsoluteDeviation,kdd99_10pct_binary,0.7384464639503833,0.8370901433198978,4.57763671875e-05,1296.741181
474240,Anomaly detection,StandardAbsoluteDeviation,kdd99_10pct_binary,0.7230621626180836,0.8261419219898996,4.57763671875e-05,1350.136594
484120,Anomaly detection,StandardAbsoluteDeviation,kdd99_10pct_binary,0.7083057919524085,0.8154763849234609,4.57763671875e-05,1404.547392
494000,Anomaly detection,StandardAbsoluteDeviation,kdd99_10pct_binary,0.6941396761133604,0.8050827232560389,4.57763671875e-05,1459.958526
494021,Anomaly detection,StandardAbsoluteDeviation,kdd99_10pct_binary,0.694110169405754,0.8050609136270053,4.57763671875e-05,1515.371913
206,Anomaly detection,StandardAbsoluteDeviation,nab_nyc_taxi,1.0,0.0,4.57763671875e-05,0.02862
412,Anomaly detection,StandardAbsoluteDeviation,nab_nyc_taxi,1.0,0.0,4.57763671875e-05,0.089435
618,Anomaly detection,StandardAbsoluteDeviation,nab_nyc_taxi,1.0,0.0,4.57763671875e-05,0.176837
824,Anomaly detection,StandardAbsoluteDeviation,nab_nyc_taxi,1.0,0.0,4.57763671875e-05,0.288503
1030,Anomaly detection,StandardAbsoluteDeviation,nab_nyc_taxi,1.0,0.0,4.57763671875e-05,0.424781
1236,Anomaly detection,StandardAbsoluteDeviation,nab_nyc_taxi,1.0,0.0,4.57763671875e-05,0.604793
1442,Anomaly detection,StandardAbsoluteDeviation,nab_nyc_taxi,1.0,0.0,4.57763671875e-05,0.8073
1648,Anomaly detection,StandardAbsoluteDeviation,nab_nyc_taxi,1.0,0.0,4.57763671875e-05,1.030086
1854,Anomaly detection,StandardAbsoluteDeviation,nab_nyc_taxi,1.0,0.0,4.57763671875e-05,1.2811000000000001
2060,Anomaly detection,StandardAbsoluteDeviation,nab_nyc_taxi,1.0,0.0,4.57763671875e-05,1.5629590000000002
2266,Anomaly detection,StandardAbsoluteDeviation,nab_nyc_taxi,1.0,0.0,4.57763671875e-05,1.8669270000000002
2472,Anomaly detection,StandardAbsoluteDeviation,nab_nyc_taxi,1.0,0.0,4.57763671875e-05,2.204936
2678,Anomaly detection,StandardAbsoluteDeviation,nab_nyc_taxi,1.0,0.0,4.57763671875e-05,2.565174
2884,Anomaly detection,StandardAbsoluteDeviation,nab_nyc_taxi,1.0,0.0,4.57763671875e-05,2.95173
3090,Anomaly detection,StandardAbsoluteDeviation,nab_nyc_taxi,1.0,0.0,4.57763671875e-05,3.364832
3296,Anomaly detection,StandardAbsoluteDeviation,nab_nyc_taxi,1.0,0.0,4.57763671875e-05,3.8050669999999998
3502,Anomaly detection,StandardAbsoluteDeviation,nab_nyc_taxi,1.0,0.0,4.57763671875e-05,4.280368999999999
3708,Anomaly detection,StandardAbsoluteDeviation,nab_nyc_taxi,1.0,0.0,4.57763671875e-05,4.782540999999999
3914,Anomaly detection,StandardAbsoluteDeviation,nab_nyc_taxi,1.0,0.0,4.57763671875e-05,5.312209999999999
4120,Anomaly detection,StandardAbsoluteDeviation,nab_nyc_taxi,1.0,0.0,4.57763671875e-05,5.874041999999999
4326,Anomaly detection,StandardAbsoluteDeviation,nab_nyc_taxi,1.0,0.0,4.57763671875e-05,6.461675
4532,Anomaly detection,StandardAbsoluteDeviation,nab_nyc_taxi,1.0,0.0,4.57763671875e-05,7.084455999999999
4738,Anomaly detection,StandardAbsoluteDeviation,nab_nyc_taxi,1.0,0.0,4.57763671875e-05,7.727995999999999
4944,Anomaly detection,StandardAbsoluteDeviation,nab_nyc_taxi,1.0,0.0,4.57763671875e-05,8.399111999999999
5150,Anomaly detection,StandardAbsoluteDeviation,nab_nyc_taxi,1.0,0.0,4.57763671875e-05,9.093504999999999
5356,Anomaly detection,StandardAbsoluteDeviation,nab_nyc_taxi,1.0,0.0,4.57763671875e-05,9.814677999999999
5562,Anomaly detection,StandardAbsoluteDeviation,nab_nyc_taxi,1.0,0.0,4.57763671875e-05,10.56158
5768,Anomaly detection,StandardAbsoluteDeviation,nab_nyc_taxi,1.0,0.0,4.57763671875e-05,11.332752
5974,Anomaly detection,StandardAbsoluteDeviation,nab_nyc_taxi,1.0,1.0,4.57763671875e-05,12.124694
6180,Anomaly detection,StandardAbsoluteDeviation,nab_nyc_taxi,1.0,1.0,4.57763671875e-05,12.937078
6386,Anomaly detection,StandardAbsoluteDeviation,nab_nyc_taxi,1.0,1.0,4.57763671875e-05,13.769587999999999
6592,Anomaly detection,StandardAbsoluteDeviation,nab_nyc_taxi,1.0,1.0,4.57763671875e-05,14.631021999999998
6798,Anomaly detection,StandardAbsoluteDeviation,nab_nyc_taxi,1.0,1.0,4.57763671875e-05,15.516175999999998
7004,Anomaly detection,StandardAbsoluteDeviation,nab_nyc_taxi,1.0,1.0,4.57763671875e-05,16.429026999999998
7210,Anomaly detection,StandardAbsoluteDeviation,nab_nyc_taxi,1.0,1.0,4.57763671875e-05,17.366785999999998
7416,Anomaly detection,StandardAbsoluteDeviation,nab_nyc_taxi,1.0,1.0,4.57763671875e-05,18.327299999999997
7622,Anomaly detection,StandardAbsoluteDeviation,nab_nyc_taxi,1.0,1.0,4.57763671875e-05,19.312723
7828,Anomaly detection,StandardAbsoluteDeviation,nab_nyc_taxi,1.0,1.0,4.57763671875e-05,20.32154
8034,Anomaly detection,StandardAbsoluteDeviation,nab_nyc_taxi,1.0,1.0,4.57763671875e-05,21.364874
8240,Anomaly detection,StandardAbsoluteDeviation,nab_nyc_taxi,1.0,1.0,4.57763671875e-05,22.430294
8446,Anomaly detection,StandardAbsoluteDeviation,nab_nyc_taxi,1.0,1.0,4.57763671875e-05,23.522208
8652,Anomaly detection,StandardAbsoluteDeviation,nab_nyc_taxi,1.0,1.0,4.57763671875e-05,24.640619
8858,Anomaly detection,StandardAbsoluteDeviation,nab_nyc_taxi,1.0,1.0,4.57763671875e-05,25.794971
9064,Anomaly detection,StandardAbsoluteDeviation,nab_nyc_taxi,1.0,1.0,4.57763671875e-05,26.97191
9270,Anomaly detection,StandardAbsoluteDeviation,nab_nyc_taxi,1.0,1.0,4.57763671875e-05,28.169419
9476,Anomaly detection,StandardAbsoluteDeviation,nab_nyc_taxi,1.0,1.0,4.57763671875e-05,29.393536
9682,Anomaly detection,StandardAbsoluteDeviation,nab_nyc_taxi,1.0,1.0,4.57763671875e-05,30.64535
9888,Anomaly detection,StandardAbsoluteDeviation,nab_nyc_taxi,1.0,1.0,4.57763671875e-05,31.922224
10094,Anomaly detection,StandardAbsoluteDeviation,nab_nyc_taxi,1.0,1.0,4.57763671875e-05,33.228863
10300,Anomaly detection,StandardAbsoluteDeviation,nab_nyc_taxi,1.0,1.0,4.57763671875e-05,34.556667
10320,Anomaly detection,StandardAbsoluteDeviation,nab_nyc_taxi,1.0,1.0,4.57763671875e-05,35.886475999999995
