ordinal_date,gallup,ipsos,morning_consult,rasmussen,you_gov,target
736389,43.843213,46.19925042857143,48.318749,44.104692,43.636914000000004,43.75505
736390,43.843213,46.19925042857143,48.318749,46.104692,41.636914000000004,43.71027
736391,43.843213,46.437345666666666,48.318749,47.104692,41.636914000000004,43.90226
736392,43.843213,46.437345666666666,48.318749,47.104692,41.636914000000004,43.90226
736393,43.843213,46.437345666666666,48.318749,47.104692,41.636914000000004,43.93693
736394,44.843213,46.437345666666666,48.318749,46.104692,41.636914000000004,44.083709999999996
736395,43.843213,46.920679,48.318749,45.104692,41.636914000000004,44.3455
736396,42.843213,46.920679,48.318749,43.104692,42.636914000000004,44.33974
736397,41.843213,46.920679,48.318749,43.104692,42.636914000000004,44.25294
736398,42.843213,48.870678999999996,48.318749,42.104692,42.636914000000004,44.510290000000005
736399,44.843213,48.870678999999996,48.318749,42.104692,42.636914000000004,44.6835
736400,45.843213,48.870678999999996,48.318749,42.104692,42.636914000000004,44.766690000000004
736401,42.843213,48.870678999999996,48.318749,41.104692,42.636914000000004,44.53927
736402,39.843213,48.220679,48.318749,40.104692,42.636914000000004,44.29615
736403,40.843213,48.220679,50.318749,39.104692,41.636914000000004,43.732
736404,42.843213,48.220679,50.318749,41.104692,41.636914000000004,43.59192
736405,41.843213,45.23734566666667,50.318749,42.104692,41.636914000000004,43.36182
736406,40.843213,45.23734566666667,50.318749,42.104692,41.636914000000004,42.70947
736407,37.843213,45.23734566666667,50.318749,42.104692,41.636914000000004,42.48279
736408,39.843213,45.23734566666667,50.318749,43.104692,41.636914000000004,42.56183
736409,39.843213,45.23734566666667,50.318749,44.104692,41.636914000000004,42.41769
736410,40.843213,44.895678999999994,48.318749,40.104692,41.636914000000004,42.340759999999996
736411,39.843213,44.895678999999994,48.318749,41.104692,41.636914000000004,42.287729999999996
736412,41.843213,47.30401233333333,48.318749,38.104692,41.636914000000004,42.15625
736413,41.843213,47.30401233333333,48.318749,38.104692,41.636914000000004,42.14841
736414,40.843213,47.30401233333333,48.318749,38.104692,41.636914000000004,42.08798
736415,36.843213,47.30401233333333,48.318749,39.104692,41.636914000000004,41.81089
736416,36.843213,45.79567899999999,48.318749,39.104692,41.636914000000004,41.55795
736417,35.843213,45.79567899999999,43.318749,38.104692,41.636914000000004,41.20364
736418,38.843213,45.79567899999999,43.318749,38.104692,41.636914000000004,40.636179999999996
736419,38.843213,45.20401233333333,43.318749,37.104692,41.636914000000004,40.481790000000004
736420,40.843213,45.20401233333333,43.318749,37.104692,41.636914000000004,40.54905
736421,38.843213,45.20401233333333,43.318749,37.104692,41.636914000000004,40.448479999999996
736422,38.843213,45.20401233333333,43.318749,36.104692,41.636914000000004,39.84783
736423,39.843213,47.595679,43.318749,37.104692,41.636914000000004,40.01525
736424,42.843213,47.595679,45.318749,40.104692,40.636914000000004,40.66016
736425,41.843213,47.595679,45.318749,40.104692,40.636914000000004,40.41075
736426,40.843213,45.50401233333333,45.318749,39.104692,40.636914000000004,40.38835
736427,40.843213,45.50401233333333,45.318749,39.104692,40.636914000000004,40.40128
736428,40.843213,45.50401233333333,45.318749,39.104692,40.636914000000004,40.41701
736429,40.843213,45.50401233333333,45.318749,38.104692,40.636914000000004,40.877309999999994
736430,40.843213,46.59567899999999,45.318749,41.104692,40.636914000000004,41.513259999999995
736431,41.843213,46.59567899999999,46.318749,41.104692,40.636914000000004,41.64417
736432,40.843213,46.59567899999999,46.318749,42.104692,40.636914000000004,41.44421
736433,40.843213,46.59567899999999,46.318749,42.104692,40.636914000000004,41.27088
736434,39.843213,46.59567899999999,46.318749,42.104692,40.636914000000004,41.23275
736435,41.843213,46.59567899999999,46.318749,42.104692,40.636914000000004,41.340309999999995
736436,41.843213,48.23734566666667,46.318749,44.104692,40.636914000000004,41.62966
736437,41.843213,48.23734566666667,46.318749,44.104692,40.636914000000004,41.70159
736438,42.843213,45.120678999999996,46.318749,42.104692,41.636914000000004,41.92009
736439,43.843213,45.120678999999996,46.318749,43.104692,41.636914000000004,42.02447
736440,43.843213,45.120678999999996,46.318749,43.104692,41.636914000000004,41.89439
736441,42.843213,45.120678999999996,46.318749,43.104692,41.636914000000004,41.88213
736442,40.843213,45.120678999999996,46.318749,43.104692,41.636914000000004,41.63386
736443,40.843213,45.120678999999996,46.318749,45.104692,41.636914000000004,41.76186
736444,40.843213,42.570679000000005,46.318749,41.104692,41.636914000000004,41.42433
736445,39.843213,40.470679000000004,49.318749,40.104692,42.636914000000004,41.98724
736446,40.843213,40.470679000000004,49.318749,39.104692,42.636914000000004,42.1408
736447,43.843213,40.470679000000004,49.318749,41.104692,42.636914000000004,41.9548
736448,43.843213,40.470679000000004,49.318749,41.104692,42.636914000000004,41.99678
736449,42.843213,40.470679000000004,49.318749,41.104692,42.636914000000004,41.987759999999994
736450,41.843213,41.80401233333333,49.318749,41.104692,42.636914000000004,41.873090000000005
736451,42.843213,41.80401233333333,49.318749,42.104692,42.636914000000004,41.99481
736452,42.843213,43.345679000000004,46.318749,43.104692,43.636914000000004,42.382940000000005
736453,42.843213,43.345679000000004,46.318749,42.104692,43.636914000000004,42.42966
736454,42.843213,43.904012333333334,46.318749,40.104692,43.636914000000004,42.33636
736455,40.843213,43.904012333333334,46.318749,40.104692,43.636914000000004,42.17928
736456,40.843213,43.904012333333334,46.318749,40.104692,43.636914000000004,42.136109999999995
736457,42.843213,43.904012333333334,46.318749,39.104692,43.636914000000004,42.168620000000004
736458,40.843213,43.470679,46.318749,40.104692,43.636914000000004,41.933279999999996
736459,40.843213,43.470679,42.318749,41.104692,41.636914000000004,41.21492
736460,38.843213,43.470679,42.318749,42.104692,41.636914000000004,41.157920000000004
736461,41.843213,43.470679,43.318749,39.104692,41.636914000000004,41.129459999999995
736462,40.843213,43.470679,43.318749,39.104692,41.636914000000004,41.08303
736463,39.843213,42.404012333333334,43.318749,39.104692,41.636914000000004,40.63778
736464,38.843213,42.404012333333334,43.318749,38.104692,41.636914000000004,40.50564
736465,38.843213,41.195679,43.318749,37.104692,41.636914000000004,39.90671
736466,38.843213,41.195679,41.318749,38.104692,39.636914000000004,39.6813
736467,38.843213,41.195679,41.318749,38.104692,39.636914000000004,39.450359999999996
736468,38.843213,39.070679,39.318749,38.104692,39.636914000000004,38.86071
736469,37.843213,39.070679,39.318749,38.104692,39.636914000000004,38.80148
736470,38.843213,39.070679,39.318749,38.104692,39.636914000000004,38.83015
736471,37.843213,39.070679,39.318749,38.104692,39.636914000000004,38.78198
736472,38.843213,39.070679,39.318749,40.104692,39.636914000000004,39.14797
736473,39.843213,37.520679,44.318749,42.104692,39.636914000000004,38.99393
736474,39.843213,37.520679,44.318749,42.104692,39.636914000000004,39.05955
736475,41.843213,37.520679,44.318749,42.104692,39.636914000000004,39.28042
736476,41.843213,37.520679,44.318749,40.104692,39.636914000000004,39.27729
736477,42.843213,37.520679,44.318749,40.104692,39.636914000000004,39.3673
736478,42.843213,37.520679,44.318749,39.104692,39.636914000000004,39.3634
736479,41.843213,39.09925042857143,44.318749,38.104692,39.636914000000004,39.21078
736480,41.843213,39.09925042857143,43.318749,37.104692,38.636914000000004,39.14719
736481,40.843213,39.09925042857143,43.318749,37.104692,38.636914000000004,39.113640000000004
736482,39.843213,39.09925042857143,43.318749,38.104692,38.636914000000004,39.10624
736483,37.843213,40.90401233333333,43.318749,38.104692,38.636914000000004,38.9981
736484,36.843213,40.90401233333333,43.318749,38.104692,38.636914000000004,38.890209999999996
736485,37.843213,40.90401233333333,43.318749,40.104692,38.636914000000004,38.998259999999995
736486,38.843213,38.995679,43.318749,40.104692,38.636914000000004,38.60328
736487,38.843213,38.995679,42.318749,39.104692,38.636914000000004,38.28024
736488,37.843213,38.995679,42.318749,40.104692,38.636914000000004,38.24259
736489,37.843213,38.07067899999999,42.318749,40.104692,38.636914000000004,38.04195
736490,39.843213,38.07067899999999,42.318749,40.104692,38.636914000000004,38.12778
736491,38.843213,38.07067899999999,42.318749,40.104692,38.636914000000004,38.09373
736492,36.843213,38.07067899999999,42.318749,40.104692,38.636914000000004,38.29467
736493,36.843213,38.445679,42.318749,37.104692,38.636914000000004,38.255340000000004
736494,36.843213,38.445679,42.318749,39.104692,39.636914000000004,38.3791
736495,38.843213,38.445679,42.318749,41.104692,39.636914000000004,38.38903
736496,38.843213,40.370678999999996,42.318749,44.104692,39.636914000000004,38.66948
736497,39.843213,40.370678999999996,42.318749,44.104692,39.636914000000004,38.7223
736498,39.843213,40.370678999999996,42.318749,44.104692,39.636914000000004,38.732209999999995
736499,38.843213,40.370678999999996,42.318749,42.104692,39.636914000000004,38.71433
736500,37.843213,40.370678999999996,42.318749,41.104692,39.636914000000004,38.62213
736501,37.843213,37.570679,42.318749,39.104692,40.636914000000004,38.40358
736502,39.843213,37.570679,42.318749,40.104692,40.636914000000004,38.74978
736503,42.843213,37.570679,42.318749,40.104692,40.636914000000004,39.77451
736504,39.843213,37.570679,42.318749,40.104692,40.636914000000004,39.66325
736505,38.843213,37.570679,42.318749,40.104692,40.636914000000004,39.58413
736506,36.843213,39.070679000000005,42.318749,41.104692,40.636914000000004,39.46778
736507,39.843213,36.370678999999996,42.318749,40.104692,40.636914000000004,38.71787
736508,39.843213,36.370678999999996,43.318749,40.104692,39.636914000000004,39.3798
736509,40.843213,36.370678999999996,43.318749,39.104692,39.636914000000004,39.935159999999996
736510,38.843213,36.63734566666667,43.318749,40.104692,39.636914000000004,39.60293
736511,38.843213,36.63734566666667,43.318749,40.104692,39.636914000000004,39.58723
736512,37.843213,36.63734566666667,43.318749,40.104692,39.636914000000004,39.51341
736513,39.843213,36.63734566666667,43.318749,38.104692,39.636914000000004,39.529990000000005
736514,37.843213,36.63734566666667,43.318749,38.104692,39.636914000000004,39.41248
736515,37.843213,38.670679,43.318749,38.104692,38.636914000000004,39.03904
736516,37.843213,38.670679,43.318749,38.104692,38.636914000000004,39.00697
736517,37.843213,38.620678999999996,43.318749,39.104692,38.636914000000004,39.01347
736518,38.843213,38.620678999999996,43.318749,39.104692,38.636914000000004,39.03389
736519,39.843213,38.620678999999996,43.318749,39.104692,38.636914000000004,39.08517
736520,39.843213,38.620678999999996,43.318749,39.104692,38.636914000000004,39.12117
736521,40.843213,40.045679,43.318749,39.104692,38.636914000000004,39.24297
736522,40.843213,40.045679,43.318749,39.104692,37.636914000000004,39.29457
736523,40.843213,40.045679,43.318749,38.104692,37.636914000000004,39.25278
736524,39.843213,41.00401233333333,43.318749,37.104692,37.636914000000004,39.14643
736525,38.843213,41.00401233333333,43.318749,37.104692,37.636914000000004,39.09839
736526,38.843213,41.00401233333333,43.318749,37.104692,37.636914000000004,38.60715
736527,39.843213,41.00401233333333,43.318749,37.104692,37.636914000000004,38.818940000000005
736528,38.843213,40.470679000000004,43.318749,37.104692,37.636914000000004,38.72128
736529,37.843213,40.470679000000004,43.318749,36.104692,38.636914000000004,38.712509999999995
736530,36.843213,40.470679000000004,43.318749,37.104692,38.636914000000004,38.6458
736531,37.843213,38.63734566666667,43.318749,37.104692,38.636914000000004,38.3734
736532,38.843213,38.63734566666667,43.318749,37.104692,38.636914000000004,38.418409999999994
736533,39.843213,38.63734566666667,43.318749,37.104692,38.636914000000004,38.4932
736534,37.843213,38.63734566666667,43.318749,38.104692,38.636914000000004,39.052890000000005
736535,36.843213,37.120678999999996,43.318749,36.104692,38.636914000000004,38.38955
736536,37.843213,37.120678999999996,43.318749,36.104692,39.636914000000004,38.549609999999994
736537,39.843213,37.120678999999996,43.318749,36.104692,39.636914000000004,38.549279999999996
736538,39.843213,36.770679,43.318749,35.104692,39.636914000000004,38.35725
736539,39.843213,36.770679,43.318749,35.104692,39.636914000000004,38.38412
736540,38.843213,36.770679,43.318749,35.104692,39.636914000000004,38.352309999999996
736541,37.843213,36.770679,41.318749,33.104692,39.636914000000004,38.20862
736542,37.843213,37.445679,41.318749,33.104692,39.636914000000004,37.76429
736543,36.843213,37.445679,41.318749,32.104692,37.636914000000004,37.04735
736544,36.843213,37.445679,41.318749,33.104692,37.636914000000004,37.01992
736545,36.843213,37.445679,41.318749,33.104692,37.636914000000004,36.91279
736546,37.843213,37.445679,41.318749,33.104692,37.636914000000004,36.95828
736547,38.843213,37.73734566666666,41.318749,33.104692,37.636914000000004,36.98021
736548,38.843213,37.73734566666666,41.318749,35.104692,37.636914000000004,36.60229
736549,37.843213,35.995678999999996,41.318749,35.104692,37.636914000000004,36.90808
736550,36.843213,35.995678999999996,38.318749,36.104692,37.636914000000004,36.86343
736551,36.843213,35.995678999999996,38.318749,38.104692,37.636914000000004,36.93701
736552,37.843213,37.73734566666666,38.318749,39.104692,37.636914000000004,37.56736
736553,37.843213,37.73734566666666,38.318749,39.104692,37.636914000000004,37.622279999999996
736554,36.843213,37.73734566666666,38.318749,39.104692,37.636914000000004,37.57039
736555,34.843213,37.73734566666666,38.318749,37.104692,37.636914000000004,37.39813
736556,36.843213,37.695679,38.318749,36.104692,37.636914000000004,37.63694
736557,36.843213,37.695679,38.318749,34.104692,37.136914000000004,37.33916
736558,37.843213,37.695679,38.318749,34.104692,37.136914000000004,37.855540000000005
736559,38.843213,35.20401233333333,38.318749,36.104692,37.136914000000004,37.79533
736560,38.843213,35.20401233333333,38.318749,36.104692,37.136914000000004,37.79533
736561,37.343213,35.20401233333333,38.318749,36.104692,37.136914000000004,37.72692
736562,35.843213,35.20401233333333,38.318749,36.104692,34.636914000000004,37.05765
736563,35.843213,36.170679,38.318749,37.104692,34.636914000000004,36.81282
736564,35.843213,36.170679,38.318749,35.104692,39.636914000000004,36.92514
736565,34.843213,36.170679,38.318749,36.104692,39.636914000000004,37.01527
736566,34.843213,36.304012333333326,38.318749,36.104692,39.636914000000004,36.91675
736567,35.843213,36.304012333333326,38.318749,36.104692,39.636914000000004,36.93331
736568,35.843213,36.304012333333326,38.318749,36.104692,39.636914000000004,36.921440000000004
736569,35.843213,36.304012333333326,38.318749,36.104692,39.636914000000004,36.928129999999996
736570,35.843213,36.595679,38.318749,35.104692,39.636914000000004,36.822070000000004
736571,35.843213,36.595679,38.318749,35.104692,38.636914000000004,37.318529999999996
736572,34.843213,36.595679,38.318749,35.104692,38.636914000000004,37.22177
736573,34.843213,38.037345666666674,38.318749,36.104692,38.636914000000004,37.3336
736574,34.843213,38.037345666666674,38.318749,36.104692,38.636914000000004,37.28516
736575,36.843213,38.037345666666674,38.318749,36.104692,38.636914000000004,37.35038
736576,38.843213,38.037345666666674,38.318749,37.104692,38.636914000000004,37.50347
736577,37.843213,38.770679,41.318749,38.104692,38.636914000000004,37.76652
736578,37.843213,38.770679,41.318749,39.104692,41.636914000000004,38.21691
736579,36.843213,38.770679,41.318749,39.104692,41.636914000000004,38.37829
736580,36.843213,41.10401233333334,41.318749,40.104692,41.636914000000004,38.68817
736581,38.843213,41.10401233333334,41.318749,40.104692,41.636914000000004,38.76101
736582,38.843213,41.10401233333334,41.318749,40.104692,41.636914000000004,38.75933
736583,38.843213,41.10401233333334,41.318749,38.104692,41.636914000000004,38.718090000000004
736584,37.843213,38.145679,41.318749,38.104692,41.636914000000004,38.1081
736585,37.843213,38.145679,40.318749,36.104692,39.636914000000004,38.20712
736586,37.843213,38.145679,40.318749,38.104692,39.636914000000004,38.48572
736587,37.843213,36.170679,40.318749,37.104692,39.636914000000004,38.85391
736588,36.843213,36.170679,40.318749,37.104692,39.636914000000004,38.79293
736589,38.843213,36.170679,39.318749,37.104692,39.636914000000004,38.79023
736590,38.843213,36.170679,39.318749,38.104692,40.636914000000004,38.90175
736591,38.843213,39.270679,39.318749,37.104692,40.636914000000004,38.851890000000004
736592,39.843213,39.270679,39.318749,36.104692,39.636914000000004,39.06307
736593,37.843213,39.270679,39.318749,37.104692,39.636914000000004,39.45935
736594,38.843213,39.070679,39.318749,37.104692,39.636914000000004,39.494640000000004
736595,37.843213,39.070679,39.318749,37.104692,39.636914000000004,39.44529
736596,40.843213,39.070679,39.318749,37.104692,39.636914000000004,39.59408
736597,39.843213,39.070679,39.318749,37.604692,39.636914000000004,39.6704
736598,39.843213,38.845679,39.318749,36.104692,39.636914000000004,38.92197
736599,37.843213,38.845679,39.318749,37.104692,37.636914000000004,38.792159999999996
736600,36.843213,38.845679,39.318749,37.104692,37.636914000000004,38.82832
736601,37.843213,38.337345666666664,39.318749,39.104692,37.636914000000004,38.62467
736602,37.843213,38.337345666666664,39.318749,39.104692,37.636914000000004,38.61241
736603,38.843213,38.337345666666664,39.318749,39.104692,37.636914000000004,38.660990000000005
736604,37.843213,38.337345666666664,39.318749,36.104692,37.636914000000004,38.52001
736605,38.843213,39.020679,39.318749,36.104692,37.636914000000004,38.61701
736606,39.843213,39.020679,39.318749,38.104692,39.636914000000004,38.92259
736607,39.843213,39.020679,39.318749,39.104692,39.636914000000004,38.81237
736608,39.843213,37.00401233333333,39.318749,40.104692,39.636914000000004,38.1001
736609,39.843213,37.00401233333333,39.318749,40.104692,39.636914000000004,38.13292
736610,38.843213,37.00401233333333,39.318749,40.104692,39.636914000000004,38.10051
736611,37.843213,37.00401233333333,39.318749,38.104692,39.636914000000004,38.021879999999996
736612,36.843213,37.00401233333333,39.318749,37.104692,39.636914000000004,37.45793
736613,37.843213,37.00401233333333,39.318749,37.104692,36.636914000000004,37.7519
736614,37.843213,37.00401233333333,39.318749,38.104692,36.636914000000004,37.854079999999996
736615,39.843213,36.820679,39.318749,37.104692,36.636914000000004,37.6958
736616,38.843213,36.820679,39.318749,37.104692,36.636914000000004,37.628859999999996
736617,38.843213,36.820679,39.318749,37.104692,36.636914000000004,37.66046
736618,36.843213,36.820679,39.318749,37.104692,36.636914000000004,38.14785
736619,37.843213,37.056393285714286,39.318749,35.104692,36.636914000000004,37.986540000000005
736620,36.843213,37.056393285714286,39.318749,37.104692,37.636914000000004,38.07331
736621,36.843213,37.056393285714286,39.318749,35.104692,37.636914000000004,37.966640000000005
736622,35.843213,37.904012333333334,39.318749,37.104692,37.636914000000004,37.84346
736623,36.843213,37.904012333333334,39.318749,37.104692,37.636914000000004,37.86096
736624,36.843213,37.904012333333334,39.318749,37.104692,37.636914000000004,37.85255
736625,36.843213,37.904012333333334,39.318749,35.104692,37.636914000000004,37.48936
736626,36.843213,36.395679,39.318749,37.104692,37.636914000000004,37.1561
736627,36.843213,36.395679,39.318749,36.104692,37.636914000000004,37.07568
736628,37.843213,36.395679,39.318749,37.104692,37.636914000000004,37.46911
736629,36.843213,35.370679,39.318749,37.104692,37.636914000000004,37.30399
736630,36.843213,35.370679,39.318749,37.104692,37.636914000000004,37.29323
736631,35.843213,35.370679,39.318749,37.104692,37.636914000000004,37.26856
736632,33.843213,35.370679,39.318749,38.104692,37.636914000000004,37.26442
736633,34.843213,37.145678999999994,39.318749,38.104692,37.636914000000004,37.24255
736634,35.843213,37.145678999999994,39.318749,37.104692,40.636914000000004,37.75723
736635,38.843213,37.145678999999994,39.318749,37.104692,40.636914000000004,37.975590000000004
736636,39.843213,36.370679,39.318749,37.104692,40.636914000000004,37.8332
736637,39.843213,36.370679,39.318749,37.104692,40.636914000000004,37.88012
736638,37.843213,36.370679,39.318749,37.104692,40.636914000000004,37.788509999999995
736639,37.843213,36.370679,39.318749,38.104692,40.636914000000004,37.69767
736640,37.843213,36.345679,39.318749,37.104692,40.636914000000004,37.55069
736641,38.843213,36.345679,39.318749,36.104692,37.636914000000004,37.58189
736642,37.843213,35.770679,39.318749,37.104692,37.636914000000004,37.65916
736643,37.843213,35.770679,39.318749,38.104692,37.636914000000004,37.85893
736644,38.843213,35.770679,39.318749,38.104692,37.636914000000004,37.91284
736645,39.843213,35.770679,39.318749,38.104692,37.636914000000004,37.984970000000004
736646,38.843213,35.770679,39.318749,40.104692,37.636914000000004,38.07273
736647,38.843213,36.770678999999994,40.318749,38.104692,37.636914000000004,38.05358
736648,37.843213,36.770678999999994,40.318749,39.104692,34.636914000000004,38.08255
736649,37.843213,36.770678999999994,40.318749,35.104692,34.636914000000004,38.125820000000004
736650,37.843213,38.30401233333333,40.318749,36.104692,34.636914000000004,38.07958
736651,39.843213,38.30401233333333,40.318749,36.104692,34.636914000000004,38.19148
736652,38.843213,38.30401233333333,40.318749,36.104692,34.636914000000004,38.1493
736653,38.843213,38.30401233333333,40.318749,35.104692,34.636914000000004,38.115390000000005
736654,36.843213,37.845679,40.318749,37.104692,34.636914000000004,38.168409999999994
736655,38.843213,37.845679,40.318749,38.104692,37.636914000000004,38.41062
736656,38.843213,37.845679,40.318749,38.104692,37.636914000000004,38.42519
736657,38.843213,37.845679,40.318749,38.104692,37.636914000000004,38.42519
736658,38.843213,37.845679,40.318749,38.104692,37.636914000000004,38.44119
736659,37.843213,37.845679,40.318749,38.104692,37.636914000000004,38.39222
736660,37.843213,37.845679,40.318749,37.104692,37.636914000000004,38.3837
736661,37.843213,37.070679000000005,40.318749,36.104692,37.636914000000004,38.24538
736662,38.843213,38.020678999999994,41.318749,35.104692,39.636914000000004,38.42575
736663,36.843213,38.020678999999994,41.318749,36.104692,39.636914000000004,38.16322
736664,34.843213,38.10401233333334,41.318749,38.104692,39.636914000000004,38.00967
736665,33.843213,38.10401233333334,41.318749,38.104692,39.636914000000004,37.90633
736666,34.843213,38.10401233333334,41.318749,38.104692,39.636914000000004,37.89624
736667,35.843213,38.10401233333334,41.318749,36.104692,39.636914000000004,37.860929999999996
736668,35.843213,38.270679,41.318749,37.104692,39.636914000000004,37.90712
736669,36.843213,38.270679,43.318749,36.104692,37.636914000000004,37.84785
736670,37.843213,38.270679,43.318749,38.104692,37.636914000000004,37.27071
736671,38.843213,38.270679,43.318749,36.104692,37.636914000000004,37.28476
736672,37.843213,38.270679,43.318749,36.104692,37.636914000000004,37.26849
736673,36.843213,37.470679,43.318749,36.104692,37.636914000000004,37.12042
736674,35.843213,37.470679,43.318749,36.104692,37.636914000000004,37.07095
736675,35.843213,35.595679,43.318749,35.104692,37.636914000000004,37.178779999999996
736676,36.843213,35.595679,43.318749,35.104692,38.636914000000004,36.66145
736677,36.843213,35.595679,43.318749,35.104692,38.636914000000004,37.07505
736678,35.843213,34.670679,43.318749,34.104692,38.636914000000004,36.45856
736679,34.843213,34.670679,43.318749,34.104692,38.636914000000004,36.40314
736680,35.843213,34.670679,43.318749,34.104692,38.636914000000004,37.00387
736681,34.843213,34.670679,43.318749,36.104692,38.636914000000004,37.21277
736682,36.843213,35.545679,43.318749,37.104692,38.636914000000004,37.10143
736683,35.843213,35.545679,43.318749,38.104692,38.636914000000004,37.20605
736684,35.843213,35.545679,43.318749,37.104692,38.636914000000004,37.0453
736685,36.843213,35.545679,43.318749,38.104692,38.636914000000004,37.14611
736686,38.843213,35.545679,43.318749,38.104692,38.636914000000004,37.25974
736687,39.843213,35.545679,43.318749,38.104692,38.636914000000004,37.3656
736688,39.843213,35.545679,43.318749,38.104692,38.636914000000004,37.3656
736689,39.843213,36.956393285714285,43.318749,38.104692,38.636914000000004,37.38361
736690,38.843213,36.956393285714285,43.318749,39.104692,38.636914000000004,37.53883
736691,38.843213,36.956393285714285,43.318749,40.104692,38.636914000000004,37.731590000000004
736692,38.843213,37.20401233333333,39.318749,39.104692,38.636914000000004,37.71204
736693,38.843213,37.20401233333333,39.318749,39.104692,38.636914000000004,37.73003
736694,40.843213,37.20401233333333,39.318749,39.104692,38.636914000000004,37.8654
736695,40.843213,37.20401233333333,39.318749,39.104692,38.636914000000004,37.8654
736696,40.843213,39.520679,39.318749,39.104692,38.636914000000004,38.120470000000005
736697,40.843213,39.520679,39.318749,38.104692,38.636914000000004,38.16097
736698,40.843213,39.520679,39.318749,39.104692,38.636914000000004,38.473279999999995
736699,40.843213,41.245679,39.318749,38.104692,38.636914000000004,38.82547
736700,40.843213,41.245679,39.318749,38.104692,38.636914000000004,38.82547
736701,40.843213,41.245679,39.318749,38.104692,38.636914000000004,38.82547
736702,37.843213,41.245679,39.318749,36.104692,38.636914000000004,38.69312
736703,37.843213,41.245679,39.318749,37.104692,38.636914000000004,38.73449
736704,37.843213,42.520679,39.318749,38.104692,38.636914000000004,39.22063
736705,37.843213,42.520679,39.318749,39.104692,38.636914000000004,39.10347
736706,37.843213,41.00401233333333,39.318749,40.104692,38.636914000000004,39.100970000000004
736707,37.843213,41.00401233333333,39.318749,40.104692,38.636914000000004,39.100970000000004
736708,37.843213,41.00401233333333,39.318749,40.104692,38.636914000000004,39.100970000000004
736709,38.843213,41.00401233333333,39.318749,40.104692,38.636914000000004,39.29245
736710,38.843213,41.195679,39.318749,39.104692,38.636914000000004,39.781459999999996
736711,38.843213,41.195679,39.318749,39.104692,42.636914000000004,40.20608
736712,38.843213,41.195679,39.318749,39.104692,42.636914000000004,39.754529999999995
736713,38.843213,38.23734566666667,39.318749,39.104692,42.636914000000004,39.47084
736714,38.843213,38.23734566666667,39.318749,39.104692,42.636914000000004,39.47084
736715,38.843213,38.23734566666667,39.318749,39.104692,42.636914000000004,39.11164
736716,36.843213,38.23734566666667,40.318749,36.104692,42.636914000000004,38.66162
736717,36.843213,36.895679,40.318749,37.104692,42.636914000000004,38.353790000000004
736718,36.843213,36.895679,40.318749,38.104692,39.636914000000004,39.18694
736719,36.843213,36.895679,40.318749,39.104692,39.636914000000004,39.04172
736720,36.843213,37.570679,40.318749,38.104692,39.636914000000004,38.822559999999996
736721,36.843213,37.570679,40.318749,38.104692,39.636914000000004,38.822559999999996
736722,36.843213,37.570679,40.318749,38.104692,39.636914000000004,38.822559999999996
736723,38.843213,37.570679,40.318749,37.104692,39.636914000000004,38.783429999999996
736724,38.843213,38.920679,40.318749,37.104692,39.636914000000004,38.99561
736725,38.843213,38.920679,40.318749,38.104692,39.636914000000004,39.52642
736726,38.843213,38.920679,40.318749,39.104692,39.636914000000004,39.77913
736727,38.843213,42.00401233333333,40.318749,43.104692,39.636914000000004,40.19921
736728,38.843213,42.00401233333333,40.318749,43.104692,39.636914000000004,40.208009999999994
736729,38.843213,42.00401233333333,40.318749,43.104692,39.636914000000004,40.208009999999994
736730,40.843213,42.00401233333333,40.318749,43.104692,39.636914000000004,40.37448
736731,40.843213,40.895679,40.318749,43.104692,39.636914000000004,40.13234
736732,40.843213,40.895679,40.318749,42.104692,40.636914000000004,40.71095
736733,40.843213,40.895679,40.318749,42.104692,40.636914000000004,40.811609999999995
736734,40.843213,41.404012333333334,40.318749,43.104692,40.636914000000004,40.83043
736735,40.843213,41.404012333333334,40.318749,43.104692,40.636914000000004,40.83043
736736,40.843213,41.404012333333334,40.318749,43.104692,40.636914000000004,40.83043
736737,40.843213,41.404012333333334,40.318749,42.104692,40.636914000000004,40.91967
736738,40.843213,40.945679,40.318749,42.104692,40.636914000000004,40.981629999999996
736739,40.843213,40.945679,45.318749,41.104692,41.636914000000004,41.427859999999995
736740,40.843213,40.945679,45.318749,42.104692,41.636914000000004,41.45908
736741,40.843213,40.170679,45.318749,41.104692,41.636914000000004,41.3879
736742,40.843213,40.170679,45.318749,41.104692,41.636914000000004,41.3879
736743,40.843213,40.170679,45.318749,41.104692,41.636914000000004,41.3879
736744,37.843213,40.170679,45.318749,41.104692,41.636914000000004,41.14141
736745,37.843213,39.995679,45.318749,40.104692,41.636914000000004,40.9889
736746,37.843213,39.995679,45.318749,42.104692,41.636914000000004,40.54642
736747,37.843213,39.995679,45.318749,42.104692,41.636914000000004,40.574740000000006
736748,37.843213,40.40401233333333,45.318749,44.104692,41.636914000000004,40.01941
736749,37.843213,40.40401233333333,45.318749,44.104692,41.636914000000004,40.01941
736750,37.843213,40.40401233333333,45.318749,44.104692,41.636914000000004,39.07833
736751,39.843213,40.40401233333333,45.318749,43.104692,41.636914000000004,39.37048
736752,39.843213,41.295679,45.318749,44.104692,41.636914000000004,39.63747
736753,39.843213,41.295679,45.318749,43.104692,40.636914000000004,40.03228
736754,39.843213,41.295679,45.318749,43.104692,40.636914000000004,40.59626
736755,39.843213,39.50401233333333,45.318749,43.104692,40.636914000000004,40.418279999999996
736756,39.843213,39.50401233333333,45.318749,43.104692,40.636914000000004,40.418279999999996
736757,39.843213,39.50401233333333,45.318749,43.104692,40.636914000000004,40.418279999999996
736758,39.843213,39.50401233333333,45.318749,42.104692,40.636914000000004,40.387409999999996
736759,39.843213,40.745678999999996,45.318749,42.104692,40.636914000000004,40.47234
736760,39.843213,40.745678999999996,45.318749,40.104692,40.636914000000004,40.2174
736761,39.843213,40.745678999999996,45.318749,39.104692,40.636914000000004,40.62883
736762,39.843213,41.00401233333333,45.318749,38.104692,40.636914000000004,40.67968
736763,39.843213,41.00401233333333,45.318749,38.104692,40.636914000000004,40.67968
736764,39.843213,41.00401233333333,45.318749,38.104692,40.636914000000004,40.67968
736765,39.843213,41.00401233333333,45.318749,39.104692,40.636914000000004,40.65869
736766,39.843213,40.470679,45.318749,42.104692,40.636914000000004,40.52831
736767,39.843213,40.470679,42.318749,41.104692,39.636914000000004,40.42437
736768,39.843213,40.470679,42.318749,40.104692,39.636914000000004,40.462959999999995
736769,39.843213,39.03734566666667,42.318749,41.104692,39.636914000000004,40.24184
736770,39.843213,39.03734566666667,42.318749,41.104692,39.636914000000004,40.24184
736771,39.843213,39.03734566666667,42.318749,41.104692,39.636914000000004,40.5158
736772,40.843213,39.03734566666667,42.318749,41.104692,39.636914000000004,40.73995
736773,40.843213,39.520679,42.318749,41.104692,39.636914000000004,40.73125
736774,40.843213,39.520679,41.318749,40.104692,37.636914000000004,40.587720000000004
736775,40.843213,39.520679,41.318749,41.104692,37.636914000000004,40.63551
736776,40.843213,40.20401233333333,41.318749,40.104692,37.636914000000004,40.67521
736777,40.843213,40.20401233333333,41.318749,40.104692,37.636914000000004,40.416340000000005
736778,40.843213,40.20401233333333,41.318749,40.104692,37.636914000000004,40.74137
736779,39.843213,40.20401233333333,41.318749,40.104692,37.636914000000004,41.095040000000004
736780,39.843213,38.795679,41.318749,40.104692,37.636914000000004,40.46638
736781,39.843213,38.795679,40.318749,39.104692,39.636914000000004,40.191109999999995
736782,39.843213,38.795679,40.318749,39.104692,39.636914000000004,40.21669
736783,39.843213,41.23734566666666,40.318749,41.104692,39.636914000000004,40.54322
736784,39.843213,41.23734566666666,40.318749,41.104692,39.636914000000004,40.54322
736785,39.843213,41.23734566666666,40.318749,41.104692,39.636914000000004,40.54322
736786,39.843213,41.23734566666666,40.318749,44.104692,39.636914000000004,40.62948
736787,39.843213,40.320679,40.318749,43.104692,39.636914000000004,40.39435
736788,39.843213,40.320679,40.318749,45.104692,38.636914000000004,40.301829999999995
736789,39.843213,40.320679,40.318749,41.104692,38.636914000000004,40.22276
736790,39.843213,38.270678999999994,40.318749,41.104692,38.636914000000004,39.96867
736791,39.843213,38.270678999999994,40.318749,41.104692,38.636914000000004,39.96867
736792,39.843213,38.270678999999994,40.318749,41.104692,38.636914000000004,39.96867
736793,41.843213,38.270678999999994,40.318749,42.104692,38.636914000000004,40.23806
736794,41.843213,38.270678999999994,40.318749,42.104692,38.636914000000004,40.606159999999996
736795,41.843213,38.095679,40.318749,43.104692,40.636914000000004,40.6097
736796,41.843213,38.095679,40.318749,44.104692,40.636914000000004,40.630829999999996
736797,41.843213,39.870678999999996,40.318749,44.104692,40.636914000000004,40.77415
736798,41.843213,39.870678999999996,40.318749,44.104692,40.636914000000004,40.77415
736799,41.843213,39.870678999999996,40.318749,44.104692,40.636914000000004,40.59587
736800,39.843213,39.870678999999996,40.318749,45.104692,40.636914000000004,40.70876
736801,39.843213,40.920679,40.318749,43.104692,40.636914000000004,40.592929999999996
736802,39.843213,40.920679,39.318749,44.104692,38.636914000000004,40.16125
736803,39.843213,40.920679,39.318749,42.104692,38.636914000000004,40.21317
736804,39.843213,39.070679,39.318749,43.104692,38.636914000000004,40.28197
736805,39.843213,39.070679,39.318749,43.104692,38.636914000000004,40.28197
736806,39.843213,39.070679,39.318749,43.104692,38.636914000000004,40.28197
736807,38.843213,39.070679,39.318749,42.104692,38.636914000000004,40.16019
736808,38.843213,39.295679,39.318749,42.104692,38.636914000000004,40.34375
736809,38.843213,39.295679,40.318749,42.104692,38.636914000000004,40.51619
736810,38.843213,39.295679,40.318749,41.104692,38.636914000000004,40.59169
736811,38.843213,39.070679,40.318749,41.104692,38.636914000000004,40.59867
736812,38.843213,39.070679,40.318749,41.104692,38.636914000000004,40.37253
736813,38.843213,39.070679,40.318749,41.104692,38.636914000000004,40.37253
736814,42.843213,39.070679,40.318749,41.104692,38.636914000000004,40.641459999999995
736815,42.843213,41.945679,40.318749,42.104692,38.636914000000004,41.21312
736816,42.843213,41.945679,40.318749,43.104692,40.636914000000004,41.151720000000005
736817,42.843213,41.945679,40.318749,44.104692,40.636914000000004,41.31839
736818,42.843213,41.945679,40.318749,45.104692,40.636914000000004,41.41713
736819,42.843213,48.50401233333333,40.318749,45.104692,40.636914000000004,42.0897
736820,42.843213,48.50401233333333,40.318749,45.104692,40.636914000000004,42.0897
736821,42.843213,48.50401233333333,40.318749,43.104692,40.636914000000004,42.01726
736822,42.843213,48.50401233333333,40.318749,41.104692,40.636914000000004,41.90759
736823,42.843213,48.50401233333333,40.318749,41.104692,42.636914000000004,41.8737
736824,42.843213,45.745679,40.318749,42.104692,42.636914000000004,41.965709999999994
736825,42.843213,45.745679,40.318749,43.104692,42.636914000000004,42.025659999999995
736826,42.843213,44.20401233333333,40.318749,43.104692,42.636914000000004,42.12308
736827,42.843213,44.20401233333333,40.318749,43.104692,42.636914000000004,42.12308
736828,43.843213,44.20401233333333,40.318749,41.104692,40.460443411764714,42.099909999999994
736829,43.843213,44.17067899999999,40.318749,41.104692,40.460443411764714,42.329840000000004
736830,43.843213,44.17067899999999,40.318749,42.104692,39.636914000000004,42.14801
736831,43.843213,44.17067899999999,40.318749,43.104692,39.636914000000004,42.26259
736832,43.843213,44.937345666666666,40.318749,44.104692,39.636914000000004,42.38191
736833,43.843213,44.937345666666666,40.318749,44.104692,39.636914000000004,42.38191
736834,43.843213,44.937345666666666,40.318749,44.104692,39.636914000000004,42.38191
736835,42.843213,44.937345666666666,40.318749,41.104692,41.636914000000004,42.017379999999996
736836,42.843213,44.070679,40.318749,44.104692,41.636914000000004,42.2518
736837,42.843213,44.070679,41.818749,42.104692,38.636914000000004,42.15873
736838,42.843213,44.070679,41.818749,43.104692,38.636914000000004,42.22643
736839,42.843213,44.070679,41.818749,43.104692,41.636914000000004,42.25806
736840,42.843213,46.170679,41.818749,43.104692,41.636914000000004,42.700379999999996
736841,42.843213,46.170679,41.818749,43.104692,41.636914000000004,42.700379999999996
736842,40.843213,46.170679,41.818749,43.104692,41.636914000000004,42.58736
736843,40.843213,46.170679,41.818749,42.104692,40.30358066666667,42.401709999999994
736844,40.843213,46.170679,41.818749,41.104692,39.636914000000004,42.29955
736845,40.843213,41.945679,41.818749,41.104692,39.636914000000004,41.646159999999995
736846,40.843213,41.945679,41.818749,42.104692,39.636914000000004,41.61631
736847,40.843213,40.170679,41.818749,42.104692,39.636914000000004,41.60918
736848,40.843213,40.170679,41.818749,42.104692,39.636914000000004,41.60918
736849,41.843213,40.170679,41.818749,42.104692,41.636914000000004,41.60794
736850,41.843213,40.795679,42.318749,42.104692,41.636914000000004,41.41488
736851,41.843213,40.795679,42.318749,42.604692,39.636914000000004,41.31416
736852,41.843213,40.795679,42.318749,43.104692,41.636914000000004,41.86653
736853,41.843213,40.795679,42.318749,41.104692,40.636914000000004,41.776340000000005
736854,41.843213,38.870678999999996,42.318749,41.104692,40.636914000000004,41.628840000000004
736855,41.843213,38.870678999999996,42.318749,41.104692,40.636914000000004,41.628840000000004
736856,42.843213,38.870678999999996,43.318749,41.104692,40.97024733333334,41.502309999999994
736857,42.843213,40.520679,43.318749,43.104692,40.97024733333334,41.56427
736858,42.843213,40.520679,43.318749,43.104692,42.636914000000004,41.43065
736859,42.843213,40.520679,43.318749,43.104692,44.636914000000004,41.79745
736860,42.843213,42.770678999999994,42.318749,41.104692,43.97024733333334,42.0946
736861,42.843213,42.770678999999994,42.318749,41.104692,43.97024733333334,42.0946
736862,42.843213,42.770678999999994,42.318749,41.104692,43.97024733333334,42.0946
736863,45.843213,42.770678999999994,42.318749,42.104692,41.97024733333334,42.23578
736864,45.843213,43.79567900000001,42.318749,42.104692,41.97024733333334,42.30142
736865,45.843213,43.79567900000001,42.318749,42.104692,41.636914000000004,42.51168
736866,45.843213,43.79567900000001,42.318749,40.104692,41.636914000000004,42.56531
736867,45.843213,42.10401233333334,42.318749,40.104692,41.636914000000004,42.37092
736868,45.843213,42.10401233333334,42.318749,40.104692,41.636914000000004,42.37092
736869,45.843213,42.10401233333334,42.318749,40.104692,44.136914000000004,42.49755
736870,41.843213,42.10401233333334,42.318749,40.104692,41.30358066666667,42.29508
736871,41.843213,41.470679,42.318749,40.104692,41.30358066666667,42.19255
736872,41.843213,41.470679,42.318749,39.104692,38.30358066666667,41.87872
736873,41.843213,41.470679,42.318749,40.104692,38.30358066666667,41.89148
736874,41.843213,41.470679,42.318749,41.104692,38.30358066666667,41.75614
736875,41.843213,41.470679,42.318749,41.104692,38.30358066666667,41.75614
736876,41.843213,41.470679,42.318749,41.104692,41.886914000000004,41.79801
736877,42.843213,41.470679,42.318749,42.104692,41.886914000000004,42.002959999999995
736878,42.843213,40.845679,41.318749,42.104692,41.636914000000004,41.83677
736879,42.843213,40.845679,41.318749,42.104692,41.636914000000004,41.83677
736880,42.843213,40.845679,41.318749,42.104692,41.636914000000004,41.8582
736881,42.843213,42.837345666666664,41.318749,41.104692,41.636914000000004,42.243390000000005
736882,42.843213,42.837345666666664,41.318749,41.104692,41.636914000000004,42.243390000000005
736883,42.843213,42.837345666666664,41.318749,41.104692,40.636914000000004,42.20303
736884,41.843213,42.837345666666664,41.318749,41.104692,41.636914000000004,42.13817
736885,41.843213,40.745678999999996,41.318749,41.104692,41.636914000000004,41.86861
736886,41.843213,40.745678999999996,44.318749,41.104692,39.636914000000004,41.96289
736887,41.843213,40.745678999999996,44.318749,40.104692,39.636914000000004,42.28969
736888,41.843213,38.870679,44.318749,40.104692,39.636914000000004,42.06443
736889,41.843213,38.870679,44.318749,40.104692,40.97024733333334,42.03181
736890,41.843213,38.870679,44.318749,40.104692,40.97024733333334,42.03181
736891,43.843213,38.870679,44.318749,39.104692,41.636914000000004,42.122409999999995
736892,43.843213,39.820679,44.318749,40.104692,43.636914000000004,42.0509
736893,43.843213,39.820679,44.318749,38.104692,39.636914000000004,41.76017
736894,43.843213,39.820679,44.318749,39.104692,42.636914000000004,41.78589
736895,43.843213,41.23734566666667,44.318749,38.104692,42.636914000000004,41.785270000000004
736896,43.843213,41.23734566666667,44.318749,38.104692,40.30358066666667,41.71679
736897,43.843213,41.23734566666667,44.318749,38.104692,40.30358066666667,41.9939
736898,42.843213,41.23734566666667,44.318749,40.104692,41.30358066666667,41.7831
736899,42.843213,41.595679,44.318749,40.104692,41.30358066666667,41.37473
736900,42.843213,41.595679,44.318749,40.104692,41.636914000000004,41.33853
736901,42.843213,41.595679,44.318749,40.104692,40.136914000000004,41.2835
736902,42.843213,42.53734566666666,44.318749,40.104692,44.636914000000004,41.47915
736903,42.843213,42.53734566666666,44.318749,40.104692,44.636914000000004,41.47915
736904,42.843213,42.53734566666666,40.818749,40.104692,40.136914000000004,41.206579999999995
736905,40.843213,42.53734566666666,40.818749,40.604692,42.136914000000004,41.30453
736906,40.843213,42.79567900000001,40.818749,42.104692,42.136914000000004,41.41338
736907,40.843213,42.79567900000001,40.818749,42.104692,39.636914000000004,41.299
736908,40.843213,42.79567900000001,40.818749,44.104692,39.636914000000004,41.43415
736909,40.843213,40.73734566666666,40.818749,42.104692,40.136914000000004,41.43453
736910,40.843213,40.73734566666666,40.818749,42.104692,40.136914000000004,41.43453
736911,40.843213,40.73734566666666,40.818749,42.104692,40.136914000000004,41.43453
736912,41.843213,40.73734566666666,40.818749,41.104692,40.636914000000004,41.46711
736913,41.843213,42.320679,40.818749,41.104692,39.136914000000004,41.45063
736914,41.843213,42.320679,41.318749,41.104692,40.636914000000004,41.712140000000005
736915,41.843213,42.320679,41.318749,41.104692,40.636914000000004,41.91957
736916,41.843213,43.20401233333333,41.318749,40.104692,41.30358066666667,41.9125
736917,41.843213,43.20401233333333,41.318749,40.104692,41.30358066666667,41.9125
736918,41.843213,43.20401233333333,41.318749,40.104692,41.30358066666667,41.9125
736919,39.843213,43.20401233333333,41.318749,42.104692,40.636914000000004,41.81873
736920,39.843213,43.20401233333333,41.318749,44.104692,40.636914000000004,42.20527
736921,39.843213,43.20401233333333,41.318749,43.104692,42.636914000000004,42.05485
736922,39.843213,43.20401233333333,41.318749,43.104692,42.136914000000004,42.11238
736923,39.843213,43.20401233333333,41.318749,42.104692,37.636914000000004,41.97367
736924,39.843213,43.20401233333333,41.318749,42.104692,37.636914000000004,41.97367
736925,39.843213,43.20401233333333,41.318749,42.104692,37.636914000000004,41.97367
736926,42.843213,43.20401233333333,41.318749,42.104692,41.386914000000004,42.2604
736927,42.843213,43.20401233333333,41.318749,40.104692,41.386914000000004,41.77507
736928,42.843213,42.645679,40.318749,40.104692,41.636914000000004,42.12536
736929,42.843213,42.645679,40.318749,40.104692,45.636914000000004,42.089690000000004
736930,42.843213,42.645679,39.318749,40.104692,40.30358066666667,41.46597
736931,42.843213,42.645679,39.318749,40.104692,40.30358066666667,41.46597
736932,42.843213,42.645679,39.318749,40.104692,40.30358066666667,41.886520000000004
736933,41.843213,42.645679,39.318749,40.104692,41.636914000000004,41.86845
736934,41.843213,39.89925042857143,39.318749,40.104692,42.636914000000004,41.37738
736935,41.843213,39.89925042857143,39.318749,41.104692,41.636914000000004,41.44618
736936,41.843213,39.89925042857143,39.318749,42.104692,41.636914000000004,41.50489
736937,41.843213,39.89925042857143,39.318749,42.104692,40.636914000000004,40.25376
736938,41.843213,39.89925042857143,39.318749,42.104692,40.636914000000004,40.25376
736939,41.843213,39.89925042857143,39.318749,42.104692,40.636914000000004,40.25376
736940,41.843213,39.89925042857143,39.318749,41.104692,40.136914000000004,40.05969
736941,41.843213,39.74210757142857,44.318749,41.104692,40.136914000000004,40.055440000000004
736942,41.843213,39.74210757142857,44.318749,38.604692,38.636914000000004,39.89795
736943,41.843213,39.74210757142857,44.318749,40.104692,41.636914000000004,40.182829999999996
736944,41.843213,39.74210757142857,44.318749,42.104692,41.636914000000004,40.32932
736945,41.843213,39.74210757142857,44.318749,42.104692,41.636914000000004,40.57383
736946,41.843213,39.74210757142857,44.318749,42.104692,41.636914000000004,40.57383
736947,40.843213,39.74210757142857,44.318749,42.104692,38.97024733333334,39.953379999999996
736948,40.843213,40.384964714285715,44.318749,41.104692,38.97024733333334,39.996320000000004
736949,40.843213,40.384964714285715,39.318749,39.104692,42.636914000000004,39.879290000000005
736950,40.843213,40.384964714285715,39.318749,40.104692,38.636914000000004,39.86902
736951,40.843213,40.384964714285715,39.318749,41.104692,38.636914000000004,39.9229
736952,40.843213,40.384964714285715,39.318749,41.104692,38.636914000000004,40.157109999999996
736953,40.843213,40.384964714285715,39.318749,41.104692,38.636914000000004,40.157109999999996
736954,38.843213,40.384964714285715,39.318749,43.104692,39.886914000000004,40.14128
736955,38.843213,41.39925042857143,39.318749,42.104692,39.886914000000004,40.37808
736956,38.843213,41.39925042857143,40.318749,41.104692,41.636914000000004,40.345240000000004
736957,38.843213,41.39925042857143,40.318749,42.104692,41.636914000000004,40.45973
736958,38.843213,41.39925042857143,40.318749,43.104692,41.636914000000004,40.48059
736959,38.843213,41.39925042857143,40.318749,43.104692,41.886914000000004,40.61161
736960,38.843213,41.39925042857143,40.318749,43.104692,41.886914000000004,41.2412
736961,40.843213,41.39925042857143,40.318749,43.104692,41.886914000000004,41.29663
736962,40.843213,42.956393285714285,41.318749,41.104692,39.30358066666667,41.39958
736963,40.843213,42.956393285714285,41.318749,41.104692,41.136914000000004,41.373059999999995
736964,40.843213,42.956393285714285,41.318749,41.104692,41.136914000000004,41.3852
736965,40.843213,42.956393285714285,41.318749,41.104692,44.636914000000004,41.47449
736966,40.843213,42.956393285714285,41.318749,41.104692,41.136914000000004,41.51086
736967,40.843213,42.956393285714285,41.318749,41.104692,41.136914000000004,41.51086
736968,42.843213,42.956393285714285,41.318749,42.104692,40.30358066666667,41.77248
736969,42.843213,41.75639328571429,41.318749,42.104692,40.30358066666667,41.82192
736970,42.843213,41.75639328571429,41.318749,43.104692,37.636914000000004,41.87678
736971,42.843213,41.75639328571429,41.318749,44.104692,42.636914000000004,42.12016
736972,42.843213,41.75639328571429,41.318749,45.104692,40.636914000000004,42.172309999999996
736973,42.843213,41.75639328571429,41.318749,45.104692,40.636914000000004,42.377320000000005
736974,42.843213,41.75639328571429,41.318749,45.104692,41.136914000000004,42.32673
736975,43.843213,41.75639328571429,41.318749,45.104692,42.636914000000004,42.4774
736976,43.843213,38.99925042857142,41.318749,45.104692,38.636914000000004,42.03722
736977,43.843213,38.99925042857142,40.318749,43.104692,40.636914000000004,41.70533
736978,43.843213,38.99925042857142,40.318749,43.104692,41.636914000000004,41.82181
736979,43.843213,38.99925042857142,40.318749,43.104692,41.636914000000004,41.773590000000006
736980,43.843213,38.99925042857142,40.318749,43.104692,41.636914000000004,41.79047
736981,43.843213,38.99925042857142,40.318749,43.104692,41.636914000000004,41.77902
736982,44.843213,38.99925042857142,40.318749,45.104692,41.636914000000004,42.02434
736983,44.843213,39.070679,40.318749,45.104692,40.636914000000004,41.9318
736984,44.843213,42.470679,41.318749,43.104692,41.636914000000004,42.622279999999996
736985,44.843213,42.470679,41.318749,41.104692,43.636914000000004,42.59281
736986,44.843213,42.470679,41.318749,41.104692,39.636914000000004,42.212070000000004
736987,44.843213,42.470679,41.318749,41.104692,40.636914000000004,42.26097
736988,44.843213,42.470679,41.318749,41.104692,42.636914000000004,42.6729
736989,44.843213,42.470679,41.318749,41.104692,41.636914000000004,43.10784
736990,44.843213,42.670679,41.318749,42.104692,41.636914000000004,43.0744
736991,44.843213,41.95401233333333,43.318749,40.104692,42.136914000000004,42.80265
736992,44.843213,36.570679,43.318749,41.104692,41.636914000000004,42.76526
736993,44.843213,36.570679,43.318749,42.104692,41.636914000000004,42.39629
736994,44.843213,36.570679,43.318749,42.104692,41.636914000000004,42.446259999999995
736995,44.843213,36.570679,43.318749,42.104692,41.636914000000004,42.44081
736996,40.843213,36.570679,43.318749,44.104692,40.636914000000004,42.3738
736997,40.843213,42.370678999999996,43.318749,42.104692,39.636914000000004,42.2276
736998,40.843213,42.370678999999996,41.318749,43.104692,42.30358066666667,42.00508
736999,40.843213,42.370678999999996,41.318749,43.104692,42.30358066666667,41.9981
737000,40.843213,42.370678999999996,41.318749,45.104692,41.636914000000004,42.108959999999996
737001,40.843213,42.370678999999996,41.318749,45.104692,41.636914000000004,42.12493
737002,40.843213,42.370678999999996,41.318749,45.104692,41.636914000000004,42.226890000000004
737003,40.843213,42.370678999999996,43.318749,44.104692,42.636914000000004,41.86553
737004,40.843213,41.470679,43.318749,42.104692,42.636914000000004,41.81629
737005,40.843213,42.93734566666666,43.318749,42.104692,40.636914000000004,41.9674
737006,40.843213,42.93734566666666,44.318749,42.104692,40.636914000000004,42.04834
737007,40.843213,42.93734566666666,44.318749,42.104692,42.97024733333334,42.16344
737008,40.843213,42.93734566666666,44.318749,42.104692,42.97024733333334,42.16344
737009,40.843213,42.93734566666666,44.318749,42.104692,42.97024733333334,42.16344
737010,38.843213,42.93734566666666,43.318749,40.104692,42.97024733333334,41.8031
737011,38.843213,42.784964714285714,43.318749,40.104692,42.97024733333334,41.758559999999996
737012,38.843213,42.784964714285714,43.318749,40.104692,42.97024733333334,42.01041
737013,38.843213,42.784964714285714,43.318749,42.104692,42.036914,42.42001
737014,38.843213,42.784964714285714,43.318749,43.104692,41.636914000000004,42.45884
737015,38.843213,42.784964714285714,43.318749,43.104692,41.636914000000004,42.45884
737016,38.843213,42.784964714285714,43.318749,43.104692,41.636914000000004,42.48425
737017,43.843213,42.784964714285714,43.318749,44.104692,41.636914000000004,42.76637
737018,43.843213,43.784964714285714,43.318749,44.104692,41.636914000000004,42.401709999999994
737019,43.843213,43.784964714285714,43.318749,45.104692,40.636914000000004,42.87212
737020,43.843213,43.784964714285714,43.318749,45.104692,40.636914000000004,42.88264
737021,43.843213,43.784964714285714,43.318749,45.104692,40.636914000000004,42.88264
737022,43.843213,43.784964714285714,43.318749,45.104692,40.636914000000004,42.88264
737023,43.843213,43.784964714285714,43.318749,45.104692,40.636914000000004,42.907140000000005
737024,38.843213,43.784964714285714,43.318749,45.104692,40.636914000000004,42.535270000000004
737025,38.843213,44.74210757142857,43.318749,43.104692,40.636914000000004,42.750890000000005
737026,38.843213,44.74210757142857,45.318749,42.104692,40.757603655172424,42.50261
737027,38.843213,44.74210757142857,45.318749,41.104692,40.757603655172424,42.449909999999996
737028,38.843213,44.74210757142857,45.318749,41.104692,41.886914000000004,42.565129999999996
737029,38.843213,44.74210757142857,45.318749,41.104692,41.886914000000004,42.44656
737030,38.843213,44.74210757142857,45.318749,41.104692,41.886914000000004,42.541059999999995
737031,40.843213,44.74210757142857,45.318749,42.104692,41.136914000000004,42.37833
737032,40.843213,43.199250428571425,45.318749,42.104692,42.636914000000004,42.210190000000004
737033,40.843213,43.199250428571425,45.318749,44.104692,43.636914000000004,42.34926
737034,40.843213,43.199250428571425,41.318749,43.104692,41.97024733333334,42.04987
737035,40.843213,43.199250428571425,41.318749,44.104692,41.97024733333334,42.22135
737036,40.843213,43.199250428571425,41.318749,44.104692,41.636914000000004,42.20935
737037,40.843213,43.199250428571425,41.318749,44.104692,43.636914000000004,42.360490000000006
737038,40.843213,43.199250428571425,41.318749,42.104692,42.136914000000004,42.24026
737039,40.843213,42.31353614285714,41.596526777777775,43.104692,42.136914000000004,41.92131
737040,40.843213,42.31353614285714,41.318749,42.104692,42.636914000000004,42.49492
737041,40.843213,42.31353614285714,40.318749,43.104692,42.636914000000004,42.47837
737042,40.843213,42.31353614285714,40.318749,42.104692,41.636914000000004,42.50179
737043,40.843213,42.31353614285714,40.318749,42.104692,41.636914000000004,42.50179
737044,40.843213,42.31353614285714,40.318749,42.104692,41.636914000000004,42.52533
737045,38.843213,42.31353614285714,40.318749,41.104692,42.30358066666667,42.237109999999994
737046,38.843213,44.884964714285715,40.318749,40.104692,42.30358066666667,42.45143
737047,38.843213,44.884964714285715,39.318749,41.104692,41.886914000000004,42.08572
737048,38.843213,44.884964714285715,39.318749,42.104692,42.636914000000004,42.113820000000004
737049,38.843213,44.884964714285715,39.318749,43.104692,42.636914000000004,42.20303
737050,38.843213,44.884964714285715,39.318749,43.104692,40.636914000000004,42.16323
737051,38.843213,44.884964714285715,39.318749,43.104692,40.636914000000004,42.16323
737052,38.843213,44.884964714285715,39.318749,40.104692,39.136914000000004,41.888529999999996
737053,39.843213,43.770679,39.318749,40.104692,39.136914000000004,41.898309999999995
737054,39.843213,42.88734566666667,37.318749,40.104692,39.136914000000004,41.411609999999996
737055,39.843213,42.88734566666667,37.318749,41.104692,43.636914000000004,41.492309999999996
737056,39.843213,42.88734566666667,37.318749,41.104692,43.636914000000004,41.47333
737057,39.843213,42.88734566666667,37.318749,41.104692,40.136914000000004,41.41588
737058,39.843213,42.88734566666667,37.318749,41.104692,41.386914000000004,41.42773
737059,39.843213,42.88734566666667,37.318749,41.104692,42.636914000000004,41.45969
737060,39.843213,42.070679,37.318749,41.104692,42.136914000000004,41.44894
737061,39.843213,41.130679,39.318749,41.104692,42.636914000000004,41.37045
737062,39.843213,41.570679,39.318749,41.104692,41.636914000000004,41.41052
737063,39.843213,41.570679,39.318749,40.104692,41.636914000000004,41.393609999999995
737064,39.843213,41.570679,39.318749,40.104692,41.636914000000004,41.392379999999996
737065,39.843213,41.570679,39.318749,40.104692,41.636914000000004,41.392379999999996
737066,39.843213,40.670679,39.318749,40.104692,40.636914000000004,41.25354
737067,39.843213,39.920679,40.18081796551726,40.104692,40.636914000000004,41.07297
737068,39.843213,39.920679,41.13124900000002,41.104692,40.636914000000004,41.0979
737069,39.843213,39.920679,41.13124900000002,39.104692,40.636914000000004,40.99633
737070,39.843213,39.920679,41.13124900000002,39.104692,42.136914000000004,40.98552
737071,39.843213,39.920679,41.13124900000002,39.104692,40.636914000000004,40.99324
737072,39.843213,39.920679,41.13124900000002,39.104692,37.636914000000004,40.50577
737073,39.843213,39.920679,41.13124900000002,37.104692,37.636914000000004,40.72627
737074,37.843213,41.799250428571426,42.318749,37.104692,42.636914000000004,40.8077
737075,37.843213,41.799250428571426,39.818749,37.104692,39.30358066666667,40.18261
737076,37.843213,41.799250428571426,37.318749,38.104692,39.636914000000004,39.937940000000005
737077,37.843213,41.799250428571426,37.318749,38.104692,38.636914000000004,40.00951
737078,37.843213,41.799250428571426,37.318749,38.104692,38.636914000000004,40.00951
737079,37.843213,41.799250428571426,37.318749,38.104692,39.636914000000004,40.04978
737080,37.843213,41.799250428571426,37.318749,38.104692,38.636914000000004,39.972429999999996
737081,37.843213,41.35639328571428,37.318749,38.104692,40.636914000000004,40.160709999999995
737082,37.843213,41.35639328571428,39.318749,38.104692,40.136914000000004,39.52579
737083,37.843213,41.35639328571428,39.318749,38.104692,41.636914000000004,39.53005
737084,37.843213,41.35639328571428,39.318749,39.104692,39.636914000000004,39.2754
737085,37.843213,41.35639328571428,39.318749,39.104692,39.636914000000004,39.2754
737086,37.843213,41.35639328571428,35.318749,39.104692,40.136914000000004,39.42558
737087,37.843213,41.35639328571428,35.318749,39.104692,42.636914000000004,39.76567
737088,37.843213,39.956393285714285,38.318749,39.104692,41.636914000000004,39.78958
737089,37.843213,39.956393285714285,38.318749,37.104692,38.636914000000004,39.51259
737090,37.843213,39.956393285714285,38.318749,37.104692,38.636914000000004,39.50443
737091,37.843213,39.956393285714285,38.318749,37.104692,41.636914000000004,39.50685
737092,37.843213,39.956393285714285,38.318749,37.104692,41.636914000000004,39.5565
737093,37.843213,39.956393285714285,38.318749,37.104692,39.636914000000004,39.53487
737094,37.843213,39.956393285714285,39.318749,39.104692,37.636914000000004,39.78125
737095,37.843213,39.770678999999994,39.318749,42.104692,40.636914000000004,39.93347
737096,37.843213,39.770678999999994,39.318749,42.104692,40.636914000000004,39.96864
737097,37.843213,39.770678999999994,39.318749,43.104692,41.636914000000004,40.06154
737098,37.843213,39.770678999999994,39.318749,44.104692,40.636914000000004,40.2227
737099,37.843213,39.770678999999994,39.318749,44.104692,40.636914000000004,40.2227
737100,37.843213,39.770678999999994,39.318749,44.104692,41.136914000000004,40.221790000000006
737101,37.843213,39.770678999999994,39.318749,46.104692,40.636914000000004,40.36388
737102,37.843213,38.670679,40.318749,44.104692,40.636914000000004,40.46846
737103,44.843213,38.270679,40.318749,44.104692,41.97024733333334,41.47137
737104,44.843213,38.270679,40.318749,44.104692,42.636914000000004,41.50784
737105,44.843213,38.270679,40.318749,44.104692,43.636914000000004,41.65232
737106,44.843213,38.270679,40.318749,44.104692,43.636914000000004,41.77002
737107,44.843213,38.270679,40.318749,44.104692,44.636914000000004,41.84582
737108,44.843213,38.270679,40.318749,44.104692,41.636914000000004,41.84088
737109,44.843213,41.32782185714286,39.318749,43.104692,42.636914000000004,41.94509
737110,44.843213,41.32782185714286,39.318749,43.104692,44.636914000000004,42.02028
737111,44.843213,41.32782185714286,39.318749,43.104692,42.636914000000004,42.45333
737112,44.843213,41.32782185714286,40.818749,43.104692,41.136914000000004,42.69892
737113,44.843213,41.32782185714286,40.818749,43.104692,41.136914000000004,42.69892
737114,44.843213,41.32782185714286,40.818749,43.104692,42.636914000000004,42.70221
737115,44.843213,41.32782185714286,40.818749,43.104692,42.636914000000004,42.62473
737116,44.843213,41.24210757142857,39.318749,43.104692,42.636914000000004,42.25564
737117,44.843213,41.24210757142857,39.318749,43.104692,42.136914000000004,42.235
737118,44.843213,41.24210757142857,39.318749,43.104692,41.136914000000004,42.27412
737119,44.843213,41.24210757142857,39.318749,43.104692,41.136914000000004,41.958079999999995
737120,44.843213,41.24210757142857,39.318749,43.104692,42.636914000000004,41.960229999999996
737121,44.843213,41.24210757142857,39.318749,43.104692,41.136914000000004,42.26125
737122,44.843213,41.24210757142857,39.318749,41.104692,41.136914000000004,42.13333
737123,43.843213,40.642107571428575,39.818749,42.104692,42.636914000000004,41.49785
737124,43.843213,40.642107571428575,39.818749,42.104692,42.30358066666667,41.81863
737125,43.843213,40.642107571428575,39.818749,44.104692,42.30358066666667,41.93483
737126,43.843213,40.642107571428575,39.318749,44.104692,41.636914000000004,41.76988
737127,43.843213,40.642107571428575,39.318749,44.104692,41.636914000000004,41.76654
737128,43.843213,40.642107571428575,39.318749,44.104692,41.636914000000004,41.76654
737129,43.843213,40.642107571428575,39.318749,43.104692,41.636914000000004,41.73955
737130,43.843213,41.25639328571428,39.318749,41.104692,41.636914000000004,41.73809
737131,43.843213,41.25639328571428,39.318749,41.104692,42.636914000000004,41.71772
737132,39.843213,41.25639328571428,39.318749,43.104692,42.636914000000004,41.64219
737133,39.843213,41.25639328571428,40.318749,42.104692,38.636914000000004,41.413540000000005
737134,39.843213,41.25639328571428,40.318749,42.104692,43.636914000000004,41.46376
737135,39.843213,41.25639328571428,40.318749,42.104692,40.636914000000004,41.43812
737136,39.843213,41.25639328571428,40.318749,41.104692,40.636914000000004,41.58909
737137,39.843213,41.49925042857142,38.98541566666666,41.104692,41.636914000000004,41.53641
737138,39.843213,41.49925042857142,39.318749,42.104692,41.136914000000004,41.412620000000004
737139,39.843213,41.49925042857142,39.318749,43.104692,43.636914000000004,41.64378
737140,39.843213,41.49925042857142,39.318749,39.104692,41.136914000000004,41.88325
737141,39.843213,41.49925042857142,39.318749,39.104692,41.136914000000004,41.88325
737142,39.843213,41.49925042857142,39.318749,39.104692,41.636914000000004,42.149770000000004
737143,39.843213,41.49925042857142,39.318749,39.104692,41.636914000000004,42.33524
737144,39.843213,40.370679,39.318749,41.104692,40.636914000000004,41.903659999999995
737145,39.843213,40.370679,39.318749,43.104692,42.636914000000004,41.889990000000004
737146,39.843213,40.370679,39.318749,44.104692,39.636914000000004,41.881370000000004
737147,39.843213,40.370679,39.318749,43.104692,39.636914000000004,41.94569
737148,39.843213,40.370679,39.318749,43.104692,39.636914000000004,41.94569
737149,39.843213,40.370679,39.318749,43.104692,44.136914000000004,42.13171
737150,39.843213,40.370679,39.318749,45.104692,44.136914000000004,42.13772
737151,39.843213,42.920679,39.318749,42.104692,42.636914000000004,41.921929999999996
737152,39.843213,42.920679,39.318749,44.104692,43.636914000000004,42.15228
737153,39.843213,42.920679,39.318749,43.104692,43.636914000000004,42.1402
737154,39.843213,42.920679,39.318749,45.104692,42.136914000000004,42.23625
737155,39.843213,42.920679,39.318749,45.104692,40.636914000000004,42.17388
737156,39.843213,42.920679,39.318749,45.104692,40.636914000000004,42.138690000000004
737157,39.843213,42.920679,39.318749,45.104692,40.636914000000004,42.31174
737158,39.843213,41.79567900000001,39.118748999999994,47.104692,43.636914000000004,41.98899
737159,39.843213,41.79567900000001,39.118748999999994,45.104692,40.97024733333334,41.85086
737160,39.843213,41.79567900000001,39.118748999999994,44.104692,40.97024733333334,41.876290000000004
737161,45.843213,41.79567900000001,39.118748999999994,43.104692,40.136914000000004,42.12738
737162,45.843213,41.79567900000001,39.118748999999994,43.104692,40.136914000000004,42.12738
737163,45.843213,41.79567900000001,39.118748999999994,43.104692,42.636914000000004,42.18553
737164,45.843213,41.79567900000001,39.318749,44.104692,41.636914000000004,41.94808
737165,45.843213,39.270679,41.318749,46.104692,43.636914000000004,42.118320000000004
737166,45.843213,40.570679,41.318749,46.104692,41.636914000000004,41.95601
737167,45.843213,40.570679,41.318749,44.104692,42.136914000000004,41.95035
737168,45.843213,37.570679,41.318749,43.104692,40.636914000000004,41.58872
737169,45.843213,37.570679,41.318749,43.104692,41.636914000000004,41.59775
737170,45.843213,37.570679,41.318749,43.104692,41.636914000000004,41.59775
737171,45.843213,37.570679,41.318749,41.104692,44.136914000000004,41.28224
737172,45.843213,37.570679,38.65208233333333,43.104692,44.136914000000004,41.304629999999996
737173,45.843213,40.570679,40.318749,43.104692,41.636914000000004,41.3476
737174,45.843213,40.570679,39.318749,44.104692,41.636914000000004,41.37328
737175,45.843213,40.570679,39.318749,43.104692,41.636914000000004,41.14526
737176,45.843213,40.570679,39.318749,43.104692,42.636914000000004,41.1721
737177,45.843213,40.570679,39.318749,43.104692,42.636914000000004,41.1721
737178,45.843213,40.570679,39.318749,42.104692,43.136914000000004,41.2266
737179,45.843213,40.570679,38.318749,43.104692,43.136914000000004,41.06827
737180,45.843213,39.570679,38.318749,44.104692,42.636914000000004,41.536640000000006
737181,45.843213,39.570679,38.318749,45.104692,40.636914000000004,41.777609999999996
737182,46.843213,39.570679,38.318749,44.104692,41.636914000000004,42.32113
737183,46.843213,39.570679,38.318749,44.104692,41.636914000000004,42.32113
737184,46.843213,39.570679,38.318749,44.104692,41.636914000000004,42.66097
737185,46.843213,39.570679,38.318749,44.104692,42.636914000000004,42.73124
737186,46.843213,39.570679,38.318749,43.104692,41.636914000000004,42.88278
737187,46.843213,39.570679,41.318749,43.104692,42.636914000000004,42.44097
737188,46.843213,39.570679,41.318749,43.104692,40.636914000000004,42.42705
737189,46.843213,39.570679,41.318749,43.104692,40.636914000000004,42.415409999999994
737190,46.843213,39.570679,41.318749,43.104692,42.136914000000004,42.41223
737191,46.843213,39.570679,41.318749,43.104692,42.136914000000004,42.41223
737192,46.843213,39.570679,41.318749,44.104692,42.636914000000004,42.394729999999996
737193,46.843213,39.570679,37.98541566666666,43.104692,41.636914000000004,42.27468
737194,46.843213,39.570679,37.98541566666666,42.104692,42.636914000000004,42.16721
737195,46.843213,39.570679,37.98541566666666,39.104692,42.636914000000004,42.03411
737196,42.843213,39.570679,37.98541566666666,39.104692,41.136914000000004,41.97104
737197,42.843213,39.570679,37.98541566666666,39.104692,40.636914000000004,41.93738
737198,42.843213,39.570679,37.98541566666666,39.104692,40.636914000000004,41.93738
737199,42.843213,39.570679,37.98541566666666,38.104692,40.636914000000004,41.81188
737200,42.843213,39.570679,36.318749,40.104692,40.636914000000004,41.18523
737201,42.843213,41.570679,39.65208233333333,40.104692,41.636914000000004,41.145579999999995
737202,42.843213,41.570679,39.65208233333333,41.104692,41.436914,41.22968
737203,42.843213,41.570679,39.65208233333333,40.104692,42.636914000000004,41.22525
737204,42.843213,41.570679,39.65208233333333,40.104692,42.636914000000004,41.22525
737205,42.843213,41.570679,39.65208233333333,40.104692,42.636914000000004,41.22525
737206,42.843213,41.570679,39.65208233333333,40.104692,42.636914000000004,41.1946
737207,42.843213,41.570679,38.318749,40.104692,42.636914000000004,41.11877
737208,42.843213,41.570679,38.318749,41.104692,42.636914000000004,41.17459
737209,42.843213,41.570679,38.318749,42.104692,42.636914000000004,41.2495
737210,42.843213,41.570679,38.318749,42.104692,42.636914000000004,41.16404
737211,42.843213,41.570679,38.318749,42.104692,42.636914000000004,41.16404
737212,42.843213,41.570679,38.318749,42.104692,42.636914000000004,41.53774
737213,42.843213,41.570679,40.318749,41.104692,42.47024733333333,41.593059999999994
737214,42.843213,41.570679,39.318749,43.104692,42.47024733333333,41.54452
737215,40.843213,41.570679,41.318749,43.104692,42.636914000000004,41.59452
737216,40.843213,39.570679,41.318749,44.104692,42.636914000000004,41.47568
737217,40.843213,39.570679,41.318749,42.104692,42.636914000000004,41.58097
737218,40.843213,39.570679,41.318749,42.104692,42.636914000000004,41.593990000000005
737219,40.843213,39.570679,41.318749,42.104692,42.636914000000004,41.593990000000005
737220,40.843213,39.570679,41.318749,44.104692,43.636914000000004,42.05388
737221,40.843213,39.570679,38.65208233333333,43.104692,44.136914000000004,41.9846
737222,40.843213,40.570679,37.318749,45.104692,43.303580666666676,42.08207
737223,40.843213,40.570679,37.318749,44.104692,45.636914000000004,42.27949
737224,40.843213,40.570679,37.318749,45.104692,43.636914000000004,42.38241
737225,40.843213,40.570679,37.318749,45.104692,43.636914000000004,42.38241
737226,40.843213,40.570679,37.318749,45.104692,43.636914000000004,42.63055
737227,40.843213,40.570679,37.318749,42.104692,42.636914000000004,42.46795
737228,40.843213,41.570679,37.318749,42.104692,42.636914000000004,42.46444
737229,43.843213,41.570679,38.818749,41.104692,43.636914000000004,42.492470000000004
737230,43.843213,41.570679,41.318749,44.104692,45.636914000000004,42.477779999999996
737231,43.843213,41.570679,38.318749,43.104692,43.136914000000004,42.61736
737232,43.843213,41.570679,38.318749,43.104692,43.136914000000004,42.60138
737233,43.843213,41.570679,38.318749,43.104692,42.636914000000004,42.5964
737234,43.843213,41.570679,38.318749,42.104692,40.636914000000004,42.47824
737235,43.843213,41.570679,40.818749,41.104692,43.636914000000004,42.28614
737236,43.843213,41.570679,40.818749,42.104692,42.636914000000004,42.23874
737237,43.843213,41.570679,40.818749,44.104692,40.636914000000004,42.29902
737238,43.843213,41.570679,40.818749,43.104692,44.636914000000004,42.3429
737239,43.843213,41.570679,40.818749,43.104692,42.636914000000004,42.3288
737240,43.843213,41.570679,40.818749,43.104692,41.636914000000004,42.312490000000004
737241,43.843213,41.570679,40.818749,41.104692,40.636914000000004,42.18854
737242,43.843213,41.570679,38.48541566666666,42.104692,42.636914000000004,42.30627
737243,41.843213,41.570679,38.48541566666666,43.104692,41.636914000000004,42.27202
737244,41.843213,41.570679,38.48541566666666,43.104692,41.636914000000004,42.27202
737245,41.843213,41.570679,38.48541566666666,43.104692,41.636914000000004,42.27202
737246,41.843213,41.570679,38.48541566666666,43.104692,41.636914000000004,42.27202
737247,41.843213,41.570679,38.48541566666666,43.104692,43.303580666666676,42.63196
737248,41.843213,41.570679,39.318749,44.104692,43.303580666666676,42.55466
737249,41.843213,41.570679,39.318749,43.104692,43.886914000000004,42.56955
737250,41.843213,41.570679,39.318749,43.104692,41.136914000000004,42.515679999999996
737251,41.843213,41.570679,39.318749,42.104692,43.636914000000004,42.39655
737252,41.843213,41.570679,39.318749,40.104692,45.636914000000004,42.38647
737253,41.843213,41.570679,39.318749,40.104692,42.636914000000004,42.39304
737254,41.843213,41.570679,39.318749,40.104692,43.636914000000004,42.575179999999996
737255,41.843213,41.570679,39.318749,40.104692,42.636914000000004,42.39311
737256,41.843213,41.570679,39.318749,42.104692,42.636914000000004,42.26181
737257,41.843213,41.570679,39.318749,44.104692,44.636914000000004,42.36789
737258,44.843213,41.570679,39.318749,43.104692,42.636914000000004,42.51968
737259,44.843213,41.570679,39.318749,44.104692,43.636914000000004,42.69924
737260,44.843213,41.570679,39.318749,44.104692,43.636914000000004,42.69924
737261,44.843213,41.570679,39.318749,44.104692,43.636914000000004,42.69075
737262,44.843213,41.570679,40.318749,43.104692,43.636914000000004,42.973459999999996
737263,44.843213,41.570679,37.518749,44.104692,42.636914000000004,42.71822
737264,44.843213,41.570679,37.518749,42.104692,41.636914000000004,42.721920000000004
737265,44.843213,41.570679,37.518749,42.104692,41.636914000000004,42.653909999999996
737266,44.843213,41.570679,37.518749,41.104692,41.636914000000004,42.54303
737267,44.843213,41.570679,37.518749,41.104692,40.636914000000004,42.50711
737268,44.843213,41.570679,37.518749,41.104692,43.636914000000004,42.55053
737269,44.843213,41.570679,37.518749,41.104692,42.636914000000004,42.4653
737270,44.843213,41.570679,37.318749,41.104692,44.636914000000004,42.84758
737271,44.843213,39.570679,40.318749,41.104692,41.636914000000004,42.41258
737272,44.843213,39.570679,40.318749,42.104692,43.636914000000004,42.479279999999996
737273,44.843213,39.570679,40.318749,42.104692,43.636914000000004,42.34539
737274,44.843213,39.570679,40.318749,42.104692,41.636914000000004,42.32873
737275,44.843213,39.570679,40.318749,42.104692,44.636914000000004,42.39501
737276,42.843213,39.570679,40.318749,42.104692,41.636914000000004,42.40977
737277,42.843213,39.570679,41.318749,43.104692,40.636914000000004,42.30338
737278,42.843213,41.570679,39.318749,41.104692,41.636914000000004,42.064370000000004
737279,42.843213,41.570679,39.318749,41.104692,42.636914000000004,42.13394
737280,42.843213,41.570679,39.318749,41.104692,41.636914000000004,42.09775
737281,42.843213,41.570679,39.318749,41.104692,41.636914000000004,42.110659999999996
737282,42.843213,41.570679,39.318749,41.104692,42.636914000000004,42.1351
737283,42.843213,41.570679,39.318749,41.104692,42.636914000000004,42.04562
737284,42.843213,41.570679,38.818749,40.104692,42.136914000000004,41.83497
737285,42.843213,42.570679,38.818749,39.104692,41.636914000000004,41.72423
737286,42.843213,42.570679,38.818749,40.104692,43.636914000000004,42.190740000000005
737287,41.843213,42.570679,38.818749,40.104692,43.636914000000004,42.12044
737288,41.843213,42.570679,38.818749,40.104692,43.636914000000004,42.12044
737289,41.843213,42.570679,38.818749,40.104692,43.636914000000004,42.14217
737290,41.843213,43.570679,38.818749,40.104692,43.636914000000004,42.15096
737291,41.843213,43.570679,38.318749,38.104692,42.636914,41.96317
737292,41.843213,41.570679,40.318749,40.104692,42.636914000000004,41.93464
737293,41.843213,41.570679,40.318749,42.104692,42.636914000000004,41.457
737294,41.843213,41.570679,40.318749,44.104692,42.136914000000004,41.59114
737295,41.843213,41.570679,40.318749,44.104692,43.636914000000004,41.62464
737296,41.843213,41.570679,40.318749,44.104692,41.636914000000004,41.60328
737297,41.843213,41.570679,40.318749,42.104692,41.636914000000004,41.543
737298,41.843213,41.570679,38.318749,41.104692,40.136914000000004,41.32244
737299,41.843213,39.570679,38.318749,41.104692,43.636914000000004,41.26299
737300,41.843213,39.570679,38.318749,41.104692,43.636914000000004,41.27499
737301,41.843213,39.570679,38.318749,41.104692,42.636914000000004,41.263709999999996
737302,41.843213,39.570679,38.318749,41.104692,42.636914000000004,41.263709999999996
737303,41.843213,39.570679,38.318749,41.104692,42.636914000000004,41.263709999999996
737304,41.843213,39.570679,38.318749,39.104692,42.636914000000004,41.163509999999995
737305,41.843213,39.570679,38.318749,40.104692,43.636914000000004,41.46416
737306,41.843213,40.570679,38.318749,40.104692,43.636914000000004,41.35923
737307,41.843213,40.570679,38.318749,40.104692,43.636914000000004,41.39689
737308,39.843213,40.570679,38.318749,40.104692,42.636914000000004,41.38813
737309,39.843213,40.570679,38.318749,40.104692,44.636914000000004,41.459579999999995
737310,39.843213,40.570679,38.318749,40.104692,42.636914000000004,41.49765
737311,39.843213,40.570679,38.318749,40.104692,42.636914000000004,41.506890000000006
737312,39.843213,40.570679,39.318749,41.104692,43.136914000000004,41.01595
737313,39.843213,43.570679,39.318749,41.104692,42.636914000000004,41.48745
737314,39.843213,43.570679,39.318749,42.104692,43.136914000000004,41.65084
737315,39.843213,43.570679,39.318749,41.104692,42.636914000000004,41.63035
737316,39.843213,43.570679,39.318749,41.104692,42.636914000000004,41.63035
737317,39.843213,43.570679,39.318749,41.104692,41.636914000000004,41.61408
737318,39.843213,43.570679,41.318749,44.104692,42.136914000000004,41.767140000000005
737319,39.843213,43.570679,41.318749,43.104692,42.136914000000004,41.78471
737320,39.843213,40.570679,42.318749,45.104692,41.136914000000004,41.77494
737321,43.843213,40.570679,42.318749,43.104692,41.636914000000004,42.066629999999996
737322,43.843213,40.570679,42.318749,46.104692,41.636914000000004,42.206520000000005
737323,43.843213,40.570679,42.318749,46.104692,40.636914000000004,42.178309999999996
737324,43.843213,40.570679,42.318749,46.104692,42.636914000000004,42.44057
737325,43.843213,40.570679,40.318749,46.104692,42.636914000000004,42.43841
737326,43.843213,43.570679,37.318749,47.104692,43.136914000000004,43.13648
737327,43.843213,40.570679,39.318749,45.104692,41.636914000000004,42.93504
737328,43.843213,40.570679,39.318749,43.104692,40.636914000000004,42.79345
737329,43.843213,40.570679,39.318749,42.104692,41.636914000000004,42.77737
737330,43.843213,40.570679,39.318749,42.104692,41.636914000000004,42.77737
737331,43.843213,40.570679,39.318749,42.104692,41.636914000000004,42.77737
737332,43.843213,39.570679,37.65208233333333,43.104692,41.636914000000004,42.1251
737333,43.843213,39.570679,37.65208233333333,42.104692,41.636914000000004,41.47866
737334,43.843213,40.570679,39.318749,42.104692,41.836914,41.27147
737335,40.843213,40.570679,39.318749,41.104692,41.636914000000004,41.20785
737336,40.843213,40.570679,39.318749,42.104692,42.136914000000004,41.60159
737337,40.843213,40.570679,39.318749,42.104692,42.136914000000004,41.60159
737338,40.843213,40.570679,39.318749,42.104692,42.136914000000004,41.60159
737339,40.843213,40.570679,39.318749,41.104692,42.136914000000004,41.52132
737340,40.843213,39.570679,39.65208233333333,39.104692,42.136914000000004,41.626329999999996
737341,40.843213,39.570679,39.65208233333333,40.104692,43.636914000000004,41.59834
737342,40.843213,39.570679,40.318749,41.104692,43.136914000000004,41.86902
737343,40.843213,39.570679,40.318749,43.104692,43.136914000000004,42.12035
737344,40.843213,39.570679,39.318749,43.104692,40.636914000000004,42.09176
737345,40.843213,39.570679,39.318749,43.104692,44.636914000000004,42.16757
737346,40.843213,39.570679,39.318749,43.104692,44.636914000000004,41.99435
737347,40.843213,40.570679,36.068749,43.104692,44.236914000000006,41.67105
737348,39.843213,40.570679,36.068749,44.104692,40.636914000000004,41.62344
737349,39.843213,40.570679,36.068749,42.104692,40.636914000000004,41.55617
737350,39.843213,40.570679,36.068749,41.104692,39.636914000000004,41.52386
737351,39.843213,40.570679,36.068749,41.104692,39.636914000000004,41.52386
737352,39.843213,40.570679,36.068749,41.104692,41.636914000000004,41.53567
737353,39.843213,40.570679,36.068749,39.104692,42.636914000000004,41.208040000000004
737354,39.843213,40.570679,39.318749,39.104692,42.636914000000004,41.257909999999995
737355,39.843213,39.570679,39.318749,38.104692,42.636914000000004,40.760259999999995
737356,39.843213,39.570679,38.318749,37.104692,40.30358066666667,40.566990000000004
737357,39.843213,39.570679,38.318749,37.104692,43.636914000000004,40.68325
737358,39.843213,39.570679,38.318749,37.104692,41.636914000000004,40.698617999999996
737359,39.843213,39.570679,38.318749,37.104692,40.636914000000004,40.687020000000004
737360,39.843213,39.570679,38.318749,39.104692,40.636914000000004,40.712409
737361,39.843213,39.570679,38.98541566666666,40.104692,42.136914000000004,40.610687
737362,39.843213,40.570679,41.318749,41.104692,40.636914000000004,41.088179
737363,39.843213,40.570679,38.318749,39.104692,39.636914000000004,41.125309
737364,39.843213,40.570679,38.318749,39.104692,43.636914000000004,40.880157000000004
737365,39.843213,40.570679,38.318749,39.104692,41.636914000000004,40.909749
737366,39.843213,40.570679,38.318749,39.104692,41.636914000000004,41.150048999999996
737367,39.843213,40.570679,38.318749,38.104692,41.636914000000004,41.068552000000004
737368,41.843213,40.570679,37.818749,40.104692,41.97024733333334,41.319083
737369,41.843213,40.570679,37.818749,40.104692,41.636914000000004,41.213352
737370,41.843213,40.570679,37.818749,44.104692,42.136914000000004,41.391076
737371,41.843213,40.570679,37.818749,43.104692,42.136914000000004,41.388511
737372,41.843213,40.570679,37.818749,43.104692,42.136914000000004,41.388511
737373,41.843213,40.570679,37.818749,43.104692,42.136914000000004,41.38862
737374,41.843213,40.570679,37.818749,41.104692,42.136914000000004,41.388833
737375,41.843213,40.570679,39.318749,38.104692,42.136914000000004,41.10089
737376,41.843213,39.570679,37.65208233333333,40.104692,40.97024733333333,40.950028
737377,41.843213,39.570679,37.65208233333333,42.104692,49.336914,41.151785
737378,41.843213,41.570679,37.318749,44.104692,42.636914000000004,41.196125
737379,41.843213,41.570679,37.318749,44.104692,42.636914000000004,41.196125
737380,41.843213,41.570679,37.318749,44.104692,42.636914000000004,41.196125
737381,41.843213,41.570679,39.318749,44.104692,41.97024733333334,41.218683
737382,41.843213,41.570679,38.318749,42.104692,45.636914000000004,41.285517999999996
737383,43.843213,40.570679,36.318749,42.104692,39.636914000000004,41.351546
737384,43.843213,40.570679,36.318749,40.104692,42.636914000000004,41.876382
737385,43.843213,40.570679,38.818749,40.104692,43.636914000000004,41.891828000000004
737386,43.843213,40.570679,38.818749,40.104692,43.636914000000004,41.891828000000004
737387,43.843213,40.570679,38.818749,40.104692,43.636914000000004,41.891828000000004
737388,43.843213,40.570679,38.818749,38.104692,41.636914000000004,41.725396999999994
737389,43.843213,40.570679,37.818749,40.104692,41.636914000000004,41.740203
